X,Y,CTUID,CTNAME,PRUID,PRNAME,CMAUID,CMAPUID,CMANAME,CMATYPE
-79.391439021821,43.6974560729963,"5350128.04","0128.04","35",Ontario,"535","35535",Toronto,B
-79.2302604431168,43.7815300136615,"5350363.07","0363.07","35",Ontario,"535","35535",Toronto,B
-79.2683840492696,43.7991492570809,"5350378.23","0378.23","35",Ontario,"535","35535",Toronto,B
-79.2539518999348,43.8040995961013,"5350378.24","0378.24","35",Ontario,"535","35535",Toronto,B
-79.2481514896146,43.777706665779,"5350363.06","0363.06","35",Ontario,"535","35535",Toronto,B
-79.4157981877873,43.642073783882,"5350010.01","0010.01","35",Ontario,"535","35535",Toronto,B
-79.4072102058463,43.6432217604787,"5350010.02","0010.02","35",Ontario,"535","35535",Toronto,B
-79.521333879035,43.7118958401142,"5350282.00","0282.00","35",Ontario,"535","35535",Toronto,B
-79.4849571299145,43.7145432261133,"5350284.00","0284.00","35",Ontario,"535","35535",Toronto,B
-79.4754172549444,43.716898431443,"5350285.00","0285.00","35",Ontario,"535","35535",Toronto,B
-79.4587852914486,43.7203893860052,"5350286.00","0286.00","35",Ontario,"535","35535",Toronto,B
-79.4788819183594,43.7029360864505,"5350280.00","0280.00","35",Ontario,"535","35535",Toronto,B
-79.5415466575112,43.7014557230862,"5350239.00","0239.00","35",Ontario,"535","35535",Toronto,B
-79.2208837172335,43.7364984156136,"5350332.00","0332.00","35",Ontario,"535","35535",Toronto,B
-79.2273176064649,43.7278010539129,"5350333.00","0333.00","35",Ontario,"535","35535",Toronto,B
-79.1636808328403,43.7680502867448,"5350360.00","0360.00","35",Ontario,"535","35535",Toronto,B
-79.2655171909548,43.6919421233229,"5350338.00","0338.00","35",Ontario,"535","35535",Toronto,B
-79.306839463738,43.7621126248624,"5350372.00","0372.00","35",Ontario,"535","35535",Toronto,B
-79.3131085433085,43.7584540034818,"5350373.00","0373.00","35",Ontario,"535","35535",Toronto,B
-79.3851517388024,43.6389518540877,"5350012.04","0012.04","35",Ontario,"535","35535",Toronto,B
-79.2236833676658,43.769148857819,"5350365.00","0365.00","35",Ontario,"535","35535",Toronto,B
-79.2352139686367,43.762079001926,"5350366.00","0366.00","35",Ontario,"535","35535",Toronto,B
-79.4459453153199,43.7377163874769,"5350288.00","0288.00","35",Ontario,"535","35535",Toronto,B
-79.4658913891791,43.7313975123728,"5350289.00","0289.00","35",Ontario,"535","35535",Toronto,B
-79.4286919331684,43.747597851589,"5350298.00","0298.00","35",Ontario,"535","35535",Toronto,B
-79.400807710426,43.7609627468445,"5350300.00","0300.00","35",Ontario,"535","35535",Toronto,B
-79.5372638592454,43.7418366668732,"5350313.00","0313.00","35",Ontario,"535","35535",Toronto,B
-79.43017258166,43.7804057448396,"5350318.00","0318.00","35",Ontario,"535","35535",Toronto,B
-79.4277354476834,43.7882773500323,"5350319.00","0319.00","35",Ontario,"535","35535",Toronto,B
-79.5200687880388,43.7268364456398,"5350292.00","0292.00","35",Ontario,"535","35535",Toronto,B
-79.5357472299946,43.7235570496092,"5350293.00","0293.00","35",Ontario,"535","35535",Toronto,B
-79.4901749462837,43.7379688326153,"5350295.00","0295.00","35",Ontario,"535","35535",Toronto,B
-79.3461806589883,43.78198617418,"5350303.00","0303.00","35",Ontario,"535","35535",Toronto,B
-79.2376233906234,43.7119594344556,"5350334.00","0334.00","35",Ontario,"535","35535",Toronto,B
-79.4461349065313,43.7687820608163,"5350309.00","0309.00","35",Ontario,"535","35535",Toronto,B
-79.2784817411533,43.6827606727574,"5350339.00","0339.00","35",Ontario,"535","35535",Toronto,B
-79.4570733412553,43.6706799723668,"5350108.00","0108.00","35",Ontario,"535","35535",Toronto,B
-79.4418408842793,43.6707145859731,"5350109.00","0109.00","35",Ontario,"535","35535",Toronto,B
-79.4478022533732,43.6743583667023,"5350110.00","0110.00","35",Ontario,"535","35535",Toronto,B
-79.4547060003984,43.6792006002274,"5350111.00","0111.00","35",Ontario,"535","35535",Toronto,B
-79.4473830457002,43.680661871302,"5350112.00","0112.00","35",Ontario,"535","35535",Toronto,B
-79.4384933861343,43.6765454589453,"5350113.00","0113.00","35",Ontario,"535","35535",Toronto,B
-79.4295261899911,43.6779929316544,"5350114.00","0114.00","35",Ontario,"535","35535",Toronto,B
-79.4284217626937,43.6730402161697,"5350115.00","0115.00","35",Ontario,"535","35535",Toronto,B
-79.4202068718564,43.6780553956713,"5350116.00","0116.00","35",Ontario,"535","35535",Toronto,B
-79.4061180042428,43.6772196464362,"5350117.00","0117.00","35",Ontario,"535","35535",Toronto,B
-79.2427593754742,43.7241290782221,"5350335.00","0335.00","35",Ontario,"535","35535",Toronto,B
-79.2575942226615,43.7066790592502,"5350336.00","0336.00","35",Ontario,"535","35535",Toronto,B
-79.2877386554887,43.7049560345358,"5350340.00","0340.00","35",Ontario,"535","35535",Toronto,B
-79.2732488485399,43.7067770028265,"5350342.00","0342.00","35",Ontario,"535","35535",Toronto,B
-79.263635391806,43.7111359220796,"5350343.00","0343.00","35",Ontario,"535","35535",Toronto,B
-79.3969257151725,43.6852718362474,"5350121.00","0121.00","35",Ontario,"535","35535",Toronto,B
-79.3996075365845,43.6916927767675,"5350122.00","0122.00","35",Ontario,"535","35535",Toronto,B
-79.3971980016908,43.6944232515942,"5350123.00","0123.00","35",Ontario,"535","35535",Toronto,B
-79.390338215466,43.686739788462,"5350124.00","0124.00","35",Ontario,"535","35535",Toronto,B
-79.3810109943366,43.6899156611655,"5350125.00","0125.00","35",Ontario,"535","35535",Toronto,B
-79.3827759038671,43.6981646380145,"5350126.00","0126.00","35",Ontario,"535","35535",Toronto,B
-79.3825469296239,43.7067426349311,"5350127.00","0127.00","35",Ontario,"535","35535",Toronto,B
-79.4329388833856,43.7031541414483,"5350132.00","0132.00","35",Ontario,"535","35535",Toronto,B
-79.4215075549791,43.7057610399058,"5350133.00","0133.00","35",Ontario,"535","35535",Toronto,B
-79.4133655075297,43.7070241139186,"5350134.00","0134.00","35",Ontario,"535","35535",Toronto,B
-79.3353829818499,43.6472431015809,"5350001.00","0001.00","35",Ontario,"535","35535",Toronto,B
-79.3816734355955,43.6231368659384,"5350002.00","0002.00","35",Ontario,"535","35535",Toronto,B
-79.4180880134684,43.647191413992,"5350043.00","0043.00","35",Ontario,"535","35535",Toronto,B
-79.426363907563,43.6453988272257,"5350044.00","0044.00","35",Ontario,"535","35535",Toronto,B
-79.430172784428,43.6511998426983,"5350045.00","0045.00","35",Ontario,"535","35535",Toronto,B
-79.4349297875222,43.6474968885406,"5350046.00","0046.00","35",Ontario,"535","35535",Toronto,B
-79.4448186490588,43.642592578388,"5350048.00","0048.00","35",Ontario,"535","35535",Toronto,B
-79.4510993236776,43.6422479389545,"5350049.00","0049.00","35",Ontario,"535","35535",Toronto,B
-79.4610897255466,43.6646406369023,"5350100.00","0100.00","35",Ontario,"535","35535",Toronto,B
-79.4678862433774,43.6641082329758,"5350101.00","0101.00","35",Ontario,"535","35535",Toronto,B
-79.4049940669173,43.6597518429297,"5350059.00","0059.00","35",Ontario,"535","35535",Toronto,B
-79.4066460163353,43.6640949283322,"5350060.00","0060.00","35",Ontario,"535","35535",Toronto,B
-79.3974228545659,43.6632418960173,"5350061.00","0061.00","35",Ontario,"535","35535",Toronto,B
-79.3596438155189,43.6494311149697,"5350017.00","0017.00","35",Ontario,"535","35535",Toronto,B
-79.3304302850197,43.6668014264948,"5350027.00","0027.00","35",Ontario,"535","35535",Toronto,B
-79.3499324236201,43.662739649199,"5350029.00","0029.00","35",Ontario,"535","35535",Toronto,B
-79.3600576335428,43.6586791157521,"5350030.00","0030.00","35",Ontario,"535","35535",Toronto,B
-79.4734360301328,43.6567283666886,"5350103.00","0103.00","35",Ontario,"535","35535",Toronto,B
-79.4822777004014,43.654844464467,"5350104.00","0104.00","35",Ontario,"535","35535",Toronto,B
-79.4770605218314,43.6640309002995,"5350105.00","0105.00","35",Ontario,"535","35535",Toronto,B
-79.4724169146341,43.6713719681375,"5350106.00","0106.00","35",Ontario,"535","35535",Toronto,B
-79.463453653899,43.6773354814304,"5350107.00","0107.00","35",Ontario,"535","35535",Toronto,B
-79.4118917326956,43.6804855781904,"5350118.00","0118.00","35",Ontario,"535","35535",Toronto,B
-79.4059238025612,43.6852282236922,"5350119.00","0119.00","35",Ontario,"535","35535",Toronto,B
-79.3955823070463,43.6813194094464,"5350120.00","0120.00","35",Ontario,"535","35535",Toronto,B
-79.3686330324412,43.7320656592472,"5350264.00","0264.00","35",Ontario,"535","35535",Toronto,B
-79.3562305683661,43.6741126687729,"5350070.00","0070.00","35",Ontario,"535","35535",Toronto,B
-79.3475802217842,43.6751417483627,"5350071.00","0071.00","35",Ontario,"535","35535",Toronto,B
-79.3340186163082,43.6712476764011,"5350073.00","0073.00","35",Ontario,"535","35535",Toronto,B
-79.3244317137599,43.6743058028012,"5350074.00","0074.00","35",Ontario,"535","35535",Toronto,B
-79.3269505203052,43.6794545768669,"5350075.00","0075.00","35",Ontario,"535","35535",Toronto,B
-79.3176271960763,43.6822508787026,"5350076.00","0076.00","35",Ontario,"535","35535",Toronto,B
-79.3287520368772,43.6842218520902,"5350082.00","0082.00","35",Ontario,"535","35535",Toronto,B
-79.3393874934596,43.6820290382533,"5350083.00","0083.00","35",Ontario,"535","35535",Toronto,B
-79.3501992062655,43.6806946579931,"5350084.00","0084.00","35",Ontario,"535","35535",Toronto,B
-79.3588434790284,43.6789888888427,"5350085.00","0085.00","35",Ontario,"535","35535",Toronto,B
-79.4046568716621,43.7090824649925,"5350135.00","0135.00","35",Ontario,"535","35535",Toronto,B
-79.3902650803707,43.7137515545981,"5350137.00","0137.00","35",Ontario,"535","35535",Toronto,B
-79.3952956032679,43.7221094751619,"5350138.00","0138.00","35",Ontario,"535","35535",Toronto,B
-79.4165549157785,43.7141321445413,"5350140.00","0140.00","35",Ontario,"535","35535",Toronto,B
-79.4507666016592,43.6352668698817,"5350003.00","0003.00","35",Ontario,"535","35535",Toronto,B
-79.4397922886206,43.6374625069455,"5350004.00","0004.00","35",Ontario,"535","35535",Toronto,B
-79.4304979609775,43.6399115808346,"5350005.00","0005.00","35",Ontario,"535","35535",Toronto,B
-79.4333303955359,43.6359109611965,"5350006.00","0006.00","35",Ontario,"535","35535",Toronto,B
-79.4186284306029,43.6431992871316,"5350009.00","0009.00","35",Ontario,"535","35535",Toronto,B
-79.4027735794231,43.7013529629342,"5350129.00","0129.00","35",Ontario,"535","35535",Toronto,B
-79.4103832359993,43.6959368850283,"5350130.00","0130.00","35",Ontario,"535","35535",Toronto,B
-79.4188891812139,43.6941737952639,"5350131.00","0131.00","35",Ontario,"535","35535",Toronto,B
-79.3663012000031,43.7437280570631,"5350267.00","0267.00","35",Ontario,"535","35535",Toronto,B
-79.3486563066833,43.744793994857,"5350268.00","0268.00","35",Ontario,"535","35535",Toronto,B
-79.4545111252316,43.6505668454826,"5350051.00","0051.00","35",Ontario,"535","35535",Toronto,B
-79.4481119665184,43.6509389935129,"5350052.00","0052.00","35",Ontario,"535","35535",Toronto,B
-79.3946134586516,43.6458444842419,"5350011.00","0011.00","35",Ontario,"535","35535",Toronto,B
-79.3821473013479,43.6485863524001,"5350014.00","0014.00","35",Ontario,"535","35535",Toronto,B
-79.3753810738029,43.6505875222913,"5350015.00","0015.00","35",Ontario,"535","35535",Toronto,B
-79.3638837238071,43.6537516850899,"5350016.00","0016.00","35",Ontario,"535","35535",Toronto,B
-79.3775753775162,43.6692553537111,"5350064.00","0064.00","35",Ontario,"535","35535",Toronto,B
-79.373088694087,43.6652711929054,"5350066.00","0066.00","35",Ontario,"535","35535",Toronto,B
-79.3651043164659,43.6704107915458,"5350067.00","0067.00","35",Ontario,"535","35535",Toronto,B
-79.3622437973265,43.6652329673256,"5350068.00","0068.00","35",Ontario,"535","35535",Toronto,B
-79.3505992092794,43.6692190988903,"5350069.00","0069.00","35",Ontario,"535","35535",Toronto,B
-79.3462953181151,43.6582415363547,"5350018.00","0018.00","35",Ontario,"535","35535",Toronto,B
-79.3347574464938,43.6608241906894,"5350019.00","0019.00","35",Ontario,"535","35535",Toronto,B
-79.315606701071,43.6639644112057,"5350020.00","0020.00","35",Ontario,"535","35535",Toronto,B
-79.4265235908967,43.685357698372,"5350165.00","0165.00","35",Ontario,"535","35535",Toronto,B
-79.3611374873636,43.6619023918342,"5350031.00","0031.00","35",Ontario,"535","35535",Toronto,B
-79.3713881337935,43.6608514461258,"5350032.00","0032.00","35",Ontario,"535","35535",Toronto,B
-79.36952200289,43.6565447613074,"5350033.00","0033.00","35",Ontario,"535","35535",Toronto,B
-79.38495209317,43.6561086678786,"5350035.00","0035.00","35",Ontario,"535","35535",Toronto,B
-79.3924689476685,43.6518394509878,"5350036.00","0036.00","35",Ontario,"535","35535",Toronto,B
-79.3942961190942,43.6563690134604,"5350037.00","0037.00","35",Ontario,"535","35535",Toronto,B
-79.4027917121379,43.6547644095518,"5350038.00","0038.00","35",Ontario,"535","35535",Toronto,B
-79.4419637575709,43.6544158902699,"5350053.00","0053.00","35",Ontario,"535","35535",Toronto,B
-79.4327854740392,43.6564086615025,"5350054.00","0054.00","35",Ontario,"535","35535",Toronto,B
-79.4260458229107,43.6577954898731,"5350055.00","0055.00","35",Ontario,"535","35535",Toronto,B
-79.4207107447884,43.6588574455952,"5350056.00","0056.00","35",Ontario,"535","35535",Toronto,B
-79.414313623986,43.6625121647314,"5350057.00","0057.00","35",Ontario,"535","35535",Toronto,B
-79.4126519031225,43.6581751264015,"5350058.00","0058.00","35",Ontario,"535","35535",Toronto,B
-79.5343358371975,43.6565655872389,"5350224.00","0224.00","35",Ontario,"535","35535",Toronto,B
-79.5274007716754,43.6683004282005,"5350231.00","0231.00","35",Ontario,"535","35535",Toronto,B
-79.3784147749328,43.7216811999118,"5350265.00","0265.00","35",Ontario,"535","35535",Toronto,B
-79.391845768517,43.7386092325263,"5350266.00","0266.00","35",Ontario,"535","35535",Toronto,B
-79.2751417329025,43.7460874268405,"5350352.00","0352.00","35",Ontario,"535","35535",Toronto,B
-79.2936461812413,43.6693598184641,"5350021.00","0021.00","35",Ontario,"535","35535",Toronto,B
-79.2865826325473,43.6764305324809,"5350022.00","0022.00","35",Ontario,"535","35535",Toronto,B
-79.2950968690557,43.6755804830501,"5350023.00","0023.00","35",Ontario,"535","35535",Toronto,B
-79.3046984182031,43.6722344688057,"5350024.00","0024.00","35",Ontario,"535","35535",Toronto,B
-79.3137433050531,43.6713807541613,"5350025.00","0025.00","35",Ontario,"535","35535",Toronto,B
-79.3225441016746,43.6673372282846,"5350026.00","0026.00","35",Ontario,"535","35535",Toronto,B
-79.5065932347844,43.6055294318475,"5350208.00","0208.00","35",Ontario,"535","35535",Toronto,B
-79.3151531263562,43.6773189650091,"5350077.00","0077.00","35",Ontario,"535","35535",Toronto,B
-79.3047698461702,43.6805317191048,"5350078.00","0078.00","35",Ontario,"535","35535",Toronto,B
-79.2925026730994,43.6839643170489,"5350079.00","0079.00","35",Ontario,"535","35535",Toronto,B
-79.401144490731,43.6501080085096,"5350039.00","0039.00","35",Ontario,"535","35535",Toronto,B
-79.4087357463,43.6489931394345,"5350040.00","0040.00","35",Ontario,"535","35535",Toronto,B
-79.4107925897673,43.6535741793299,"5350041.00","0041.00","35",Ontario,"535","35535",Toronto,B
-79.4201173103465,43.6522098149825,"5350042.00","0042.00","35",Ontario,"535","35535",Toronto,B
-79.5018847816902,43.6280968128125,"5350215.00","0215.00","35",Ontario,"535","35535",Toronto,B
-79.3737028272032,43.6837662664517,"5350086.00","0086.00","35",Ontario,"535","35535",Toronto,B
-79.378422909507,43.6771353499224,"5350087.00","0087.00","35",Ontario,"535","35535",Toronto,B
-79.3839613675964,43.6725547910181,"5350088.00","0088.00","35",Ontario,"535","35535",Toronto,B
-79.3920671613476,43.6718516360999,"5350089.00","0089.00","35",Ontario,"535","35535",Toronto,B
-79.3124429827458,43.7207239910286,"5350261.00","0261.00","35",Ontario,"535","35535",Toronto,B
-79.2584665897357,43.7219777073282,"5350345.00","0345.00","35",Ontario,"535","35535",Toronto,B
-79.2794593761999,43.721039154746,"5350347.00","0347.00","35",Ontario,"535","35535",Toronto,B
-79.2917939513715,43.7183114802681,"5350348.00","0348.00","35",Ontario,"535","35535",Toronto,B
-79.3036413811708,43.7339493258318,"5350349.00","0349.00","35",Ontario,"535","35535",Toronto,B
-79.2462746686143,43.7502559265446,"5350354.00","0354.00","35",Ontario,"535","35535",Toronto,B
-79.2291632278854,43.7519810036826,"5350356.00","0356.00","35",Ontario,"535","35535",Toronto,B
-79.397349259142,43.7309382284445,"5350142.00","0142.00","35",Ontario,"535","35535",Toronto,B
-79.4929027305691,43.654395836667,"5350150.00","0150.00","35",Ontario,"535","35535",Toronto,B
-79.3191506789838,43.6862595377334,"5350081.00","0081.00","35",Ontario,"535","35535",Toronto,B
-79.3927449749519,43.6768342578445,"5350090.00","0090.00","35",Ontario,"535","35535",Toronto,B
-79.4092750778844,43.6703076370148,"5350092.00","0092.00","35",Ontario,"535","35535",Toronto,B
-79.4165415357371,43.6687536209868,"5350093.00","0093.00","35",Ontario,"535","35535",Toronto,B
-79.5264750740771,43.6965093860231,"5350241.00","0241.00","35",Ontario,"535","35535",Toronto,B
-79.4132958114658,43.7417345006941,"5350275.00","0275.00","35",Ontario,"535","35535",Toronto,B
-79.4229352473686,43.7160163853423,"5350277.00","0277.00","35",Ontario,"535","35535",Toronto,B
-79.4351102870998,43.7125624341664,"5350278.00","0278.00","35",Ontario,"535","35535",Toronto,B
-79.3874058432102,43.6419716031488,"5350012.03","0012.03","35",Ontario,"535","35535",Toronto,B
-79.5012273164482,43.6625414075235,"5350151.00","0151.00","35",Ontario,"535","35535",Toronto,B
-79.4886138659747,43.6630594362294,"5350152.00","0152.00","35",Ontario,"535","35535",Toronto,B
-79.4912013327476,43.6688881379329,"5350153.00","0153.00","35",Ontario,"535","35535",Toronto,B
-79.313124132987,43.7121184684075,"5350192.00","0192.00","35",Ontario,"535","35535",Toronto,B
-79.3260461661378,43.706142825302,"5350193.00","0193.00","35",Ontario,"535","35535",Toronto,B
-79.4906136330553,43.6174757736262,"5350201.00","0201.00","35",Ontario,"535","35535",Toronto,B
-79.4930218111806,43.6090589067083,"5350202.00","0202.00","35",Ontario,"535","35535",Toronto,B
-79.4976653201301,43.6082741247987,"5350203.00","0203.00","35",Ontario,"535","35535",Toronto,B
-79.188719668685,43.7731798062058,"5350359.00","0359.00","35",Ontario,"535","35535",Toronto,B
-79.5038416807944,43.6743095283557,"5350154.00","0154.00","35",Ontario,"535","35535",Toronto,B
-79.4800753859905,43.677394749304,"5350155.00","0155.00","35",Ontario,"535","35535",Toronto,B
-79.491290491395,43.6844201879562,"5350157.00","0157.00","35",Ontario,"535","35535",Toronto,B
-79.4772217783878,43.6854707110761,"5350158.00","0158.00","35",Ontario,"535","35535",Toronto,B
-79.264910825392,43.7654883199614,"5350369.00","0369.00","35",Ontario,"535","35535",Toronto,B
-79.2974902775141,43.7554847177251,"5350371.00","0371.00","35",Ontario,"535","35535",Toronto,B
-79.4283505610935,43.6959011064602,"5350166.00","0166.00","35",Ontario,"535","35535",Toronto,B
-79.4400170525227,43.6944727971967,"5350168.00","0168.00","35",Ontario,"535","35535",Toronto,B
-79.4587599212513,43.6976656718509,"5350170.00","0170.00","35",Ontario,"535","35535",Toronto,B
-79.470315101579,43.6949816194125,"5350171.00","0171.00","35",Ontario,"535","35535",Toronto,B
-79.4837795306351,43.6923667681222,"5350172.00","0172.00","35",Ontario,"535","35535",Toronto,B
-79.4958875206987,43.689013059897,"5350173.00","0173.00","35",Ontario,"535","35535",Toronto,B
-79.3644357870535,43.6938556073498,"5350186.00","0186.00","35",Ontario,"535","35535",Toronto,B
-79.3359123802193,43.6972514032101,"5350187.00","0187.00","35",Ontario,"535","35535",Toronto,B
-79.3238996527115,43.6979859121828,"5350188.00","0188.00","35",Ontario,"535","35535",Toronto,B
-79.3074903504397,43.7011309630658,"5350189.00","0189.00","35",Ontario,"535","35535",Toronto,B
-79.3035633339783,43.7108131552487,"5350191.00","0191.00","35",Ontario,"535","35535",Toronto,B
-79.5047395275625,43.5979001575561,"5350204.00","0204.00","35",Ontario,"535","35535",Toronto,B
-79.5151151662321,43.5938899473997,"5350205.00","0205.00","35",Ontario,"535","35535",Toronto,B
-79.5185868238413,43.6015431489417,"5350207.00","0207.00","35",Ontario,"535","35535",Toronto,B
-79.5410560014046,43.6698044635216,"5350232.00","0232.00","35",Ontario,"535","35535",Toronto,B
-79.5531346808793,43.667129885188,"5350233.00","0233.00","35",Ontario,"535","35535",Toronto,B
-79.5652271159864,43.6644996348234,"5350234.00","0234.00","35",Ontario,"535","35535",Toronto,B
-79.4589836812711,43.6876766642943,"5350160.00","0160.00","35",Ontario,"535","35535",Toronto,B
-79.4517891291097,43.6893674020044,"5350161.00","0161.00","35",Ontario,"535","35535",Toronto,B
-79.4443534056781,43.6903209604787,"5350162.00","0162.00","35",Ontario,"535","35535",Toronto,B
-79.440678669825,43.6829677444692,"5350163.00","0163.00","35",Ontario,"535","35535",Toronto,B
-79.434704003262,43.6856276532979,"5350164.00","0164.00","35",Ontario,"535","35535",Toronto,B
-79.4980967744466,43.6190279977322,"5350209.00","0209.00","35",Ontario,"535","35535",Toronto,B
-79.5370677682424,43.6065879136087,"5350211.00","0211.00","35",Ontario,"535","35535",Toronto,B
-79.5060252043819,43.6893358007858,"5350174.00","0174.00","35",Ontario,"535","35535",Toronto,B
-79.5125864700201,43.7053490755685,"5350176.00","0176.00","35",Ontario,"535","35535",Toronto,B
-79.2968982440021,43.6930129215054,"5350180.00","0180.00","35",Ontario,"535","35535",Toronto,B
-79.3210801943317,43.691620158181,"5350182.00","0182.00","35",Ontario,"535","35535",Toronto,B
-79.4976617986632,43.6397212236151,"5350216.00","0216.00","35",Ontario,"535","35535",Toronto,B
-79.4861628431083,43.6367880695159,"5350217.00","0217.00","35",Ontario,"535","35535",Toronto,B
-79.5093501705033,43.6442555230975,"5350218.00","0218.00","35",Ontario,"535","35535",Toronto,B
-79.5185338136333,43.6517304460097,"5350226.00","0226.00","35",Ontario,"535","35535",Toronto,B
-79.5087397568991,43.6512086758838,"5350227.00","0227.00","35",Ontario,"535","35535",Toronto,B
-79.5024974859006,43.6556957889557,"5350228.00","0228.00","35",Ontario,"535","35535",Toronto,B
-79.5112631995107,43.656498693672,"5350229.00","0229.00","35",Ontario,"535","35535",Toronto,B
-79.2911889667789,43.7366347549059,"5350350.00","0350.00","35",Ontario,"535","35535",Toronto,B
-79.1888157296943,43.7518597898689,"5350330.00","0330.00","35",Ontario,"535","35535",Toronto,B
-79.550233023508,43.6017785158194,"5350212.00","0212.00","35",Ontario,"535","35535",Toronto,B
-79.5243983437397,43.6312675339511,"5350214.00","0214.00","35",Ontario,"535","35535",Toronto,B
-79.47073879469,43.7435618639437,"5350296.00","0296.00","35",Ontario,"535","35535",Toronto,B
-79.5148647788026,43.637985696853,"5350219.00","0219.00","35",Ontario,"535","35535",Toronto,B
-79.5680631269156,43.630437885018,"5350220.00","0220.00","35",Ontario,"535","35535",Toronto,B
-79.5154879879724,43.6923249398121,"5350242.00","0242.00","35",Ontario,"535","35535",Toronto,B
-79.5635554034611,43.7191713228822,"5350245.00","0245.00","35",Ontario,"535","35535",Toronto,B
-79.5697523570829,43.7297515655049,"5350246.00","0246.00","35",Ontario,"535","35535",Toronto,B
-79.3704751982192,43.7830584570157,"5350304.03","0304.03","35",Ontario,"535","35535",Toronto,B
-79.3507733776051,43.7765328075783,"5350304.04","0304.04","35",Ontario,"535","35535",Toronto,B
-79.4943312682156,43.7571282038398,"5350311.02","0311.02","35",Ontario,"535","35535",Toronto,B
-79.5031720495867,43.7541790958019,"5350311.03","0311.03","35",Ontario,"535","35535",Toronto,B
-79.4238598861714,43.6672501040629,"5350094.00","0094.00","35",Ontario,"535","35535",Toronto,B
-79.429322259903,43.6660797618605,"5350095.00","0095.00","35",Ontario,"535","35535",Toronto,B
-79.4514984651246,43.6628445383785,"5350098.00","0098.00","35",Ontario,"535","35535",Toronto,B
-79.4570371924379,43.6588882230569,"5350099.00","0099.00","35",Ontario,"535","35535",Toronto,B
-79.4067334796358,43.7711965364866,"5350307.07","0307.07","35",Ontario,"535","35535",Toronto,B
-79.3776232721461,43.656427879292,"5350034.02","0034.02","35",Ontario,"535","35535",Toronto,B
-79.4221803610349,43.7589218807829,"5350299.01","0299.01","35",Ontario,"535","35535",Toronto,B
-79.412764313879,43.7634617101094,"5350299.02","0299.02","35",Ontario,"535","35535",Toronto,B
-79.3965366651219,43.6388432492647,"5350012.01","0012.01","35",Ontario,"535","35535",Toronto,B
-79.3794773746562,43.6607612181664,"5350034.01","0034.01","35",Ontario,"535","35535",Toronto,B
-79.3832338595098,43.7712508992637,"5350305.03","0305.03","35",Ontario,"535","35535",Toronto,B
-79.3732113181344,43.7675743136613,"5350305.04","0305.04","35",Ontario,"535","35535",Toronto,B
-79.4122033654575,43.7705409900288,"5350307.03","0307.03","35",Ontario,"535","35535",Toronto,B
-79.4103000579883,43.7647281325583,"5350307.04","0307.04","35",Ontario,"535","35535",Toronto,B
-79.4133996468071,43.778515703152,"5350307.05","0307.05","35",Ontario,"535","35535",Toronto,B
-79.4124136917416,43.7755714803066,"5350307.06","0307.06","35",Ontario,"535","35535",Toronto,B
-79.2579308724546,43.7756926353886,"5350368.01","0368.01","35",Ontario,"535","35535",Toronto,B
-79.2532737758956,43.7627746409752,"5350368.02","0368.02","35",Ontario,"535","35535",Toronto,B
-79.3761555068356,43.6456170926309,"5350013.01","0013.01","35",Ontario,"535","35535",Toronto,B
-79.3745968565835,43.64231990277,"5350013.02","0013.02","35",Ontario,"535","35535",Toronto,B
-79.4938256189033,43.7478404514135,"5350311.04","0311.04","35",Ontario,"535","35535",Toronto,B
-79.5274029199928,43.7647487839752,"5350316.01","0316.01","35",Ontario,"535","35535",Toronto,B
-79.509617747408,43.7546999445409,"5350312.02","0312.02","35",Ontario,"535","35535",Toronto,B
-79.5222116199972,43.7444955917176,"5350312.03","0312.03","35",Ontario,"535","35535",Toronto,B
-79.5755719756072,43.7554104911296,"5350315.01","0315.01","35",Ontario,"535","35535",Toronto,B
-79.564706757834,43.750180726219,"5350315.02","0315.02","35",Ontario,"535","35535",Toronto,B
-79.374421613391,43.7962600240801,"5350324.01","0324.01","35",Ontario,"535","35535",Toronto,B
-79.3635056018784,43.798672492777,"5350324.02","0324.02","35",Ontario,"535","35535",Toronto,B
-79.3462222862447,43.8036657530517,"5350324.03","0324.03","35",Ontario,"535","35535",Toronto,B
-79.3245637710371,43.7849480597145,"5350375.01","0375.01","35",Ontario,"535","35535",Toronto,B
-79.3046198243618,43.7842369312735,"5350375.03","0375.03","35",Ontario,"535","35535",Toronto,B
-79.2975488609184,43.7969417603714,"5350376.01","0376.01","35",Ontario,"535","35535",Toronto,B
-79.3038217957283,43.8045560247609,"5350376.02","0376.02","35",Ontario,"535","35535",Toronto,B
-79.3287809940094,43.7119673395497,"5350260.01","0260.01","35",Ontario,"535","35535",Toronto,B
-79.2947122018303,43.7898123303883,"5350376.15","0376.15","35",Ontario,"535","35535",Toronto,B
-79.2937310812171,43.7835937268577,"5350376.16","0376.16","35",Ontario,"535","35535",Toronto,B
-79.5705696017555,43.680160516286,"5350237.01","0237.01","35",Ontario,"535","35535",Toronto,B
-79.5625311633302,43.6886565854573,"5350237.02","0237.02","35",Ontario,"535","35535",Toronto,B
-79.5590482369901,43.6801967197757,"5350237.03","0237.03","35",Ontario,"535","35535",Toronto,B
-79.5947647166414,43.7559674895148,"5350249.01","0249.01","35",Ontario,"535","35535",Toronto,B
-79.3534861078407,43.7703339901189,"5350301.01","0301.01","35",Ontario,"535","35535",Toronto,B
-79.3536602615196,43.7827847034033,"5350304.01","0304.01","35",Ontario,"535","35535",Toronto,B
-79.3598320936804,43.7785721410905,"5350304.02","0304.02","35",Ontario,"535","35535",Toronto,B
-79.3141059432799,43.7808278242246,"5350375.02","0375.02","35",Ontario,"535","35535",Toronto,B
-79.4032246309862,43.7863803841939,"5350322.02","0322.02","35",Ontario,"535","35535",Toronto,B
-79.2474544327162,43.7414114635733,"5350355.05","0355.05","35",Ontario,"535","35535",Toronto,B
-79.2424807290359,43.7427858728506,"5350355.06","0355.06","35",Ontario,"535","35535",Toronto,B
-79.2504590764837,43.7076748800919,"5350337.01","0337.01","35",Ontario,"535","35535",Toronto,B
-79.3388465807999,43.717480825556,"5350260.06","0260.06","35",Ontario,"535","35535",Toronto,B
-79.4474614741961,43.7094756440776,"5350279.01","0279.01","35",Ontario,"535","35535",Toronto,B
-79.4610417833144,43.7068872605613,"5350279.02","0279.02","35",Ontario,"535","35535",Toronto,B
-79.4968861613544,43.7076192259631,"5350283.01","0283.01","35",Ontario,"535","35535",Toronto,B
-79.4990212229233,43.7147715203228,"5350283.02","0283.02","35",Ontario,"535","35535",Toronto,B
-79.4396655189921,43.7290489714053,"5350287.02","0287.02","35",Ontario,"535","35535",Toronto,B
-79.5039119964234,43.7310883093796,"5350294.01","0294.01","35",Ontario,"535","35535",Toronto,B
-79.5034131307682,43.7376358893137,"5350294.02","0294.02","35",Ontario,"535","35535",Toronto,B
-79.4142235829445,43.7833687299359,"5350322.01","0322.01","35",Ontario,"535","35535",Toronto,B
-79.3518952459802,43.6861409734087,"5350185.01","0185.01","35",Ontario,"535","35535",Toronto,B
-79.3081682382118,43.7308599519672,"5350262.01","0262.01","35",Ontario,"535","35535",Toronto,B
-79.3190527227507,43.7346274213926,"5350262.02","0262.02","35",Ontario,"535","35535",Toronto,B
-79.3258900356896,43.756532027846,"5350270.01","0270.01","35",Ontario,"535","35535",Toronto,B
-79.3293379016036,43.7466723964266,"5350270.02","0270.02","35",Ontario,"535","35535",Toronto,B
-79.3664450714345,43.7603139866175,"5350273.01","0273.01","35",Ontario,"535","35535",Toronto,B
-79.3732956273951,43.7539038011376,"5350273.02","0273.02","35",Ontario,"535","35535",Toronto,B
-79.4260125858858,43.7345551450317,"5350276.01","0276.01","35",Ontario,"535","35535",Toronto,B
-79.4231294777789,43.725317036484,"5350276.02","0276.02","35",Ontario,"535","35535",Toronto,B
-79.3430821412295,43.6628723775989,"5350028.01","0028.01","35",Ontario,"535","35535",Toronto,B
-79.2497265041859,43.7019019756713,"5350337.02","0337.02","35",Ontario,"535","35535",Toronto,B
-79.3744723489084,43.6706688008487,"5350065.01","0065.01","35",Ontario,"535","35535",Toronto,B
-79.481320943397,43.6424832418906,"5350050.01","0050.01","35",Ontario,"535","35535",Toronto,B
-79.4411303338508,43.660844555655,"5350097.01","0097.01","35",Ontario,"535","35535",Toronto,B
-79.3725140432585,43.6694767069637,"5350065.02","0065.02","35",Ontario,"535","35535",Toronto,B
-79.3377967664985,43.6651415631697,"5350028.02","0028.02","35",Ontario,"535","35535",Toronto,B
-79.3810991295132,43.6694804476056,"5350063.03","0063.03","35",Ontario,"535","35535",Toronto,B
-79.3791706152222,43.6648828644136,"5350063.04","0063.04","35",Ontario,"535","35535",Toronto,B
-79.3933534613493,43.7043585378287,"5350128.02","0128.02","35",Ontario,"535","35535",Toronto,B
-79.4925508408248,43.6766152392725,"5350156.01","0156.01","35",Ontario,"535","35535",Toronto,B
-79.4858849278502,43.6805887846212,"5350156.02","0156.02","35",Ontario,"535","35535",Toronto,B
-79.4454917935447,43.6986397232771,"5350169.01","0169.01","35",Ontario,"535","35535",Toronto,B
-79.4455587028413,43.7025057875686,"5350169.02","0169.02","35",Ontario,"535","35535",Toronto,B
-79.5101603005229,43.6981963354382,"5350175.01","0175.01","35",Ontario,"535","35535",Toronto,B
-79.5258375169909,43.7040532110304,"5350175.02","0175.02","35",Ontario,"535","35535",Toronto,B
-79.3438675112321,43.6867828275561,"5350184.01","0184.01","35",Ontario,"535","35535",Toronto,B
-79.3467347916666,43.6943376008004,"5350184.02","0184.02","35",Ontario,"535","35535",Toronto,B
-79.357078574601,43.6900406385324,"5350185.02","0185.02","35",Ontario,"535","35535",Toronto,B
-79.2940745295787,43.698124506302,"5350190.01","0190.01","35",Ontario,"535","35535",Toronto,B
-79.2999640400339,43.705190649546,"5350190.02","0190.02","35",Ontario,"535","35535",Toronto,B
-79.5778142375136,43.6360153303875,"5350221.01","0221.01","35",Ontario,"535","35535",Toronto,B
-79.5662880593067,43.6405002109129,"5350221.02","0221.02","35",Ontario,"535","35535",Toronto,B
-79.5541551004703,43.6425721147576,"5350222.01","0222.01","35",Ontario,"535","35535",Toronto,B
-79.5581608761905,43.6514353254825,"5350222.02","0222.02","35",Ontario,"535","35535",Toronto,B
-79.1857308214956,43.8290301275071,"5350378.27","0378.27","35",Ontario,"535","35535",Toronto,B
-79.5158784739662,43.6697489296756,"5350230.01","0230.01","35",Ontario,"535","35535",Toronto,B
-79.5171866677986,43.6805188980435,"5350230.02","0230.02","35",Ontario,"535","35535",Toronto,B
-79.5791511258766,43.6678140226451,"5350235.01","0235.01","35",Ontario,"535","35535",Toronto,B
-79.5753671581971,43.6573244019899,"5350235.02","0235.02","35",Ontario,"535","35535",Toronto,B
-79.5711004185317,43.6487685041566,"5350236.01","0236.01","35",Ontario,"535","35535",Toronto,B
-79.3259522344893,43.7206088234493,"5350260.07","0260.07","35",Ontario,"535","35535",Toronto,B
-79.3335083641009,43.6907342755955,"5350183.01","0183.01","35",Ontario,"535","35535",Toronto,B
-79.3332442108526,43.6870673832582,"5350183.02","0183.02","35",Ontario,"535","35535",Toronto,B
-79.370234920419,43.7044393934436,"5350196.02","0196.02","35",Ontario,"535","35535",Toronto,B
-79.2591977663694,43.7468993489975,"5350353.02","0353.02","35",Ontario,"535","35535",Toronto,B
-79.3626163483021,43.7165136680508,"5350195.01","0195.01","35",Ontario,"535","35535",Toronto,B
-79.2353641873284,43.7448817878033,"5350355.02","0355.02","35",Ontario,"535","35535",Toronto,B
-79.2186190468486,43.7550996546634,"5350357.01","0357.01","35",Ontario,"535","35535",Toronto,B
-79.2084385283829,43.7585093923756,"5350357.02","0357.02","35",Ontario,"535","35535",Toronto,B
-79.1862948294344,43.7595316304691,"5350358.01","0358.01","35",Ontario,"535","35535",Toronto,B
-79.1800640306851,43.7663404815165,"5350358.02","0358.02","35",Ontario,"535","35535",Toronto,B
-79.2364044424992,43.825763379962,"5350378.25","0378.25","35",Ontario,"535","35535",Toronto,B
-79.4486167595217,43.7555382423971,"5350297.01","0297.01","35",Ontario,"535","35535",Toronto,B
-79.4468545421643,43.7493785485771,"5350297.02","0297.02","35",Ontario,"535","35535",Toronto,B
-79.3320893834579,43.7796460602815,"5350302.01","0302.01","35",Ontario,"535","35535",Toronto,B
-79.3364532512195,43.7889750826436,"5350302.02","0302.02","35",Ontario,"535","35535",Toronto,B
-79.3476628665872,43.7906211222707,"5350304.05","0304.05","35",Ontario,"535","35535",Toronto,B
-79.3607291936813,43.7882047862729,"5350304.06","0304.06","35",Ontario,"535","35535",Toronto,B
-79.2251616874736,43.8328323953674,"5350378.26","0378.26","35",Ontario,"535","35535",Toronto,B
-79.2028762392764,43.818742016074,"5350378.28","0378.28","35",Ontario,"535","35535",Toronto,B
-79.4347200778992,43.7695495088841,"5350308.02","0308.02","35",Ontario,"535","35535",Toronto,B
-79.5213965972539,43.7518133114441,"5350312.04","0312.04","35",Ontario,"535","35535",Toronto,B
-79.3822983207994,43.6642494346006,"5350063.06","0063.06","35",Ontario,"535","35535",Toronto,B
-79.448854769268,43.787756995825,"5350317.02","0317.02","35",Ontario,"535","35535",Toronto,B
-79.4421426183946,43.7869944396409,"5350320.01","0320.01","35",Ontario,"535","35535",Toronto,B
-79.4300823750659,43.7934618571676,"5350320.02","0320.02","35",Ontario,"535","35535",Toronto,B
-79.3852273187336,43.7902719101299,"5350323.01","0323.01","35",Ontario,"535","35535",Toronto,B
-79.3853003939558,43.8008170441982,"5350323.02","0323.02","35",Ontario,"535","35535",Toronto,B
-79.3919811847606,43.7003246071221,"5350128.05","0128.05","35",Ontario,"535","35535",Toronto,B
-79.2040710209289,43.745006772207,"5350331.01","0331.01","35",Ontario,"535","35535",Toronto,B
-79.3916125381752,43.6988430526442,"5350128.06","0128.06","35",Ontario,"535","35535",Toronto,B
-79.3739783516031,43.7143694480622,"5350196.01","0196.01","35",Ontario,"535","35535",Toronto,B
-79.2773905059586,43.6946909326311,"5350341.02","0341.02","35",Ontario,"535","35535",Toronto,B
-79.2671821671419,43.7233473090446,"5350346.01","0346.01","35",Ontario,"535","35535",Toronto,B
-79.2731745496966,43.7283673359913,"5350346.02","0346.02","35",Ontario,"535","35535",Toronto,B
-79.1946369312164,43.76260648649,"5350358.03","0358.03","35",Ontario,"535","35535",Toronto,B
-79.4818609567976,43.6170832992779,"5350200.01","0200.01","35",Ontario,"535","35535",Toronto,B
-79.5901849305657,43.6513545877386,"5350236.02","0236.02","35",Ontario,"535","35535",Toronto,B
-79.5469097272722,43.6829419727652,"5350238.01","0238.01","35",Ontario,"535","35535",Toronto,B
-79.5507776133106,43.6915057354337,"5350238.02","0238.02","35",Ontario,"535","35535",Toronto,B
-79.5346255621287,43.6865878745449,"5350240.01","0240.01","35",Ontario,"535","35535",Toronto,B
-79.5225265391598,43.6877058085547,"5350240.02","0240.02","35",Ontario,"535","35535",Toronto,B
-79.5727157739557,43.7395483583632,"5350250.01","0250.01","35",Ontario,"535","35535",Toronto,B
-79.5574093922912,43.7370393436252,"5350250.02","0250.02","35",Ontario,"535","35535",Toronto,B
-79.5532846560774,43.6969955415131,"5350243.01","0243.01","35",Ontario,"535","35535",Toronto,B
-79.5572920321478,43.7004069108424,"5350243.02","0243.02","35",Ontario,"535","35535",Toronto,B
-79.3842028571743,43.6687887118565,"5350063.05","0063.05","35",Ontario,"535","35535",Toronto,B
-79.5853596622282,43.7351905381762,"5350248.02","0248.02","35",Ontario,"535","35535",Toronto,B
-79.4125564073057,43.6339390755329,"5350008.02","0008.02","35",Ontario,"535","35535",Toronto,B
-79.5463819364623,43.6544062257498,"5350223.01","0223.01","35",Ontario,"535","35535",Toronto,B
-79.4794315853458,43.6261458907289,"5350210.02","0210.02","35",Ontario,"535","35535",Toronto,B
-79.4674961732829,43.6588313525529,"5350102.04","0102.04","35",Ontario,"535","35535",Toronto,B
-79.4640767981809,43.6595871429897,"5350102.05","0102.05","35",Ontario,"535","35535",Toronto,B
-79.4637676982807,43.6455561437193,"5350050.03","0050.03","35",Ontario,"535","35535",Toronto,B
-79.4741592510198,43.6457534268968,"5350050.04","0050.04","35",Ontario,"535","35535",Toronto,B
-79.5152728605625,43.6140639507431,"5350210.01","0210.01","35",Ontario,"535","35535",Toronto,B
-79.5421934436147,43.6453123047389,"5350223.02","0223.02","35",Ontario,"535","35535",Toronto,B
-79.3647435537061,43.7072555448311,"5350195.02","0195.02","35",Ontario,"535","35535",Toronto,B
-79.3277318796769,43.7650918659111,"5350272.02","0272.02","35",Ontario,"535","35535",Toronto,B
-79.4772529516655,43.7259471350474,"5350290.02","0290.02","35",Ontario,"535","35535",Toronto,B
-79.4354475352776,43.6679735594766,"5350096.01","0096.01","35",Ontario,"535","35535",Toronto,B
-79.4335347379592,43.6634620846961,"5350096.02","0096.02","35",Ontario,"535","35535",Toronto,B
-79.4425163512684,43.6671995908156,"5350097.03","0097.03","35",Ontario,"535","35535",Toronto,B
-79.2840608465362,43.7876071592044,"5350377.01","0377.01","35",Ontario,"535","35535",Toronto,B
-79.2149297867969,43.7871523178051,"5350363.02","0363.02","35",Ontario,"535","35535",Toronto,B
-79.407694768067,43.7204289714056,"5350139.01","0139.01","35",Ontario,"535","35535",Toronto,B
-79.2061187216867,43.7761493352716,"5350364.01","0364.01","35",Ontario,"535","35535",Toronto,B
-79.212206702788,43.7668394099307,"5350364.02","0364.02","35",Ontario,"535","35535",Toronto,B
-79.235780219134,43.7715360653031,"5350367.01","0367.01","35",Ontario,"535","35535",Toronto,B
-79.2447968639462,43.767656374647,"5350367.02","0367.02","35",Ontario,"535","35535",Toronto,B
-79.2826977100508,43.7704060417863,"5350370.01","0370.01","35",Ontario,"535","35535",Toronto,B
-79.2765431483895,43.7594242050641,"5350370.02","0370.02","35",Ontario,"535","35535",Toronto,B
-79.2822243342589,43.7529976681467,"5350370.03","0370.03","35",Ontario,"535","35535",Toronto,B
-79.3133580152986,43.7730647811956,"5350374.01","0374.01","35",Ontario,"535","35535",Toronto,B
-79.3010803958185,43.7757650419901,"5350374.02","0374.02","35",Ontario,"535","35535",Toronto,B
-79.2912508738716,43.7780233446792,"5350374.03","0374.03","35",Ontario,"535","35535",Toronto,B
-79.3091096704586,43.7929146742841,"5350375.04","0375.04","35",Ontario,"535","35535",Toronto,B
-79.3183435620329,43.7896921509049,"5350375.05","0375.05","35",Ontario,"535","35535",Toronto,B
-79.406116005681,43.7147792550448,"5350139.02","0139.02","35",Ontario,"535","35535",Toronto,B
-79.2741045295158,43.7880309019066,"5350377.02","0377.02","35",Ontario,"535","35535",Toronto,B
-79.2798873749799,43.8012883184243,"5350377.03","0377.03","35",Ontario,"535","35535",Toronto,B
-79.4419799285972,43.7204729068132,"5350287.03","0287.03","35",Ontario,"535","35535",Toronto,B
-79.2619746687069,43.7858775646205,"5350378.02","0378.02","35",Ontario,"535","35535",Toronto,B
-79.2197840734147,43.7944600172722,"5350378.03","0378.03","35",Ontario,"535","35535",Toronto,B
-79.4348684488244,43.7223819276659,"5350287.04","0287.04","35",Ontario,"535","35535",Toronto,B
-79.4254874622031,43.7726527121584,"5350308.03","0308.03","35",Ontario,"535","35535",Toronto,B
-79.4433497663092,43.664551790341,"5350097.04","0097.04","35",Ontario,"535","35535",Toronto,B
-79.5488676191945,43.7165497946668,"5350244.01","0244.01","35",Ontario,"535","35535",Toronto,B
-79.5490988868287,43.7263889111264,"5350244.02","0244.02","35",Ontario,"535","35535",Toronto,B
-79.3473212935796,43.7270974119027,"5350263.02","0263.02","35",Ontario,"535","35535",Toronto,B
-79.3179447558082,43.7446447059692,"5350271.01","0271.01","35",Ontario,"535","35535",Toronto,B
-79.3199718478346,43.7507154152148,"5350271.02","0271.02","35",Ontario,"535","35535",Toronto,B
-79.3249439302034,43.7606053563766,"5350272.01","0272.01","35",Ontario,"535","35535",Toronto,B
-79.4163433883195,43.6385792058922,"5350008.01","0008.01","35",Ontario,"535","35535",Toronto,B
-79.4794711686361,43.7308020051999,"5350291.04","0291.04","35",Ontario,"535","35535",Toronto,B
-79.494396268975,43.721893901134,"5350290.01","0290.01","35",Ontario,"535","35535",Toronto,B
-79.4190939830067,43.7726877335963,"5350308.04","0308.04","35",Ontario,"535","35535",Toronto,B
-79.4426044728518,43.6484597562257,"5350047.03","0047.03","35",Ontario,"535","35535",Toronto,B
-79.4400990508304,43.6434652203274,"5350047.04","0047.04","35",Ontario,"535","35535",Toronto,B
-79.4872290909316,43.7299769920475,"5350291.03","0291.03","35",Ontario,"535","35535",Toronto,B
-79.5479344203443,43.6226123239568,"5350213.02","0213.02","35",Ontario,"535","35535",Toronto,B
-79.4895418735272,43.607504193905,"5350200.02","0200.02","35",Ontario,"535","35535",Toronto,B
-79.546582603233,43.636272273586,"5350213.01","0213.01","35",Ontario,"535","35535",Toronto,B
-79.5211716541881,43.766092229997,"5350316.03","0316.03","35",Ontario,"535","35535",Toronto,B
-79.5162544186965,43.7691213024319,"5350316.04","0316.04","35",Ontario,"535","35535",Toronto,B
-79.4575991479058,43.7846955196569,"5350317.03","0317.03","35",Ontario,"535","35535",Toronto,B
-79.3910931347352,43.7538292283876,"5350274.01","0274.01","35",Ontario,"535","35535",Toronto,B
-79.4015845986219,43.7515498459762,"5350274.02","0274.02","35",Ontario,"535","35535",Toronto,B
-79.4986497610237,43.7260442968664,"5350291.02","0291.02","35",Ontario,"535","35535",Toronto,B
-79.3378722461658,43.7974659949492,"5350302.03","0302.03","35",Ontario,"535","35535",Toronto,B
-79.4511626243284,43.7635787273429,"5350310.01","0310.01","35",Ontario,"535","35535",Toronto,B
-79.297071696827,43.8135113383499,"5350376.06","0376.06","35",Ontario,"535","35535",Toronto,B
-79.3299868922375,43.8081270446938,"5350376.04","0376.04","35",Ontario,"535","35535",Toronto,B
-79.2843180198967,43.8093654290551,"5350377.04","0377.04","35",Ontario,"535","35535",Toronto,B
-79.4629818894706,43.7704672555275,"5350310.02","0310.02","35",Ontario,"535","35535",Toronto,B
-79.5145044072931,43.7524112862494,"5350312.05","0312.05","35",Ontario,"535","35535",Toronto,B
-79.5452321753449,43.7495133331416,"5350314.01","0314.01","35",Ontario,"535","35535",Toronto,B
-79.5545279341789,43.7451874776554,"5350314.02","0314.02","35",Ontario,"535","35535",Toronto,B
-79.5506086470624,43.7604686841566,"5350315.03","0315.03","35",Ontario,"535","35535",Toronto,B
-79.1566761637247,43.7812815859606,"5350361.01","0361.01","35",Ontario,"535","35535",Toronto,B
-79.4324455783216,43.6355379965443,"5350007.01","0007.01","35",Ontario,"535","35535",Toronto,B
-79.4252659919384,43.6368401180283,"5350007.02","0007.02","35",Ontario,"535","35535",Toronto,B
-79.2329370334208,43.8107367408453,"5350378.06","0378.06","35",Ontario,"535","35535",Toronto,B
-79.2645869327476,43.8136968450584,"5350378.08","0378.08","35",Ontario,"535","35535",Toronto,B
-79.2477176116811,43.7907477099828,"5350378.07","0378.07","35",Ontario,"535","35535",Toronto,B
-79.2333387069309,43.8003386597857,"5350378.04","0378.04","35",Ontario,"535","35535",Toronto,B
-79.2068942014222,43.8056932663003,"5350378.05","0378.05","35",Ontario,"535","35535",Toronto,B
-79.4001218139394,43.670385196576,"5350091.01","0091.01","35",Ontario,"535","35535",Toronto,B
-79.4017156325269,43.6748906694337,"5350091.02","0091.02","35",Ontario,"535","35535",Toronto,B
-79.4088676395386,43.7262568521642,"5350141.01","0141.01","35",Ontario,"535","35535",Toronto,B
-79.4102799287973,43.7316448706912,"5350141.02","0141.02","35",Ontario,"535","35535",Toronto,B
-79.3096446528661,43.6910629117531,"5350181.01","0181.01","35",Ontario,"535","35535",Toronto,B
-79.3126219742186,43.6967696072452,"5350181.02","0181.02","35",Ontario,"535","35535",Toronto,B
-79.5394029710995,43.5905521380687,"5350206.01","0206.01","35",Ontario,"535","35535",Toronto,B
-79.5267890509185,43.5944296875339,"5350206.02","0206.02","35",Ontario,"535","35535",Toronto,B
-79.1440276820264,43.7839213598738,"5350361.02","0361.02","35",Ontario,"535","35535",Toronto,B
-79.1571322564703,43.8039786168893,"5350362.01","0362.01","35",Ontario,"535","35535",Toronto,B
-79.1665631219906,43.7933916492566,"5350362.02","0362.02","35",Ontario,"535","35535",Toronto,B
-79.1838083634631,43.789254132707,"5350362.03","0362.03","35",Ontario,"535","35535",Toronto,B
-79.3089499916566,43.8157718789504,"5350376.05","0376.05","35",Ontario,"535","35535",Toronto,B
-79.3196692185997,43.8113501509606,"5350376.13","0376.13","35",Ontario,"535","35535",Toronto,B
-79.317689694501,43.8147324558127,"5350376.14","0376.14","35",Ontario,"535","35535",Toronto,B
-79.2176035979064,43.8141806909157,"5350378.16","0378.16","35",Ontario,"535","35535",Toronto,B
-79.2088141925178,43.8118182004571,"5350378.17","0378.17","35",Ontario,"535","35535",Toronto,B
-79.139975309644,43.7964838726344,"5350802.01","0802.01","35",Ontario,"535","35535",Toronto,B
-79.3322985123449,43.8150357993026,"5350376.09","0376.09","35",Ontario,"535","35535",Toronto,B
-79.61200880352,43.7499296543817,"5350249.03","0249.03","35",Ontario,"535","35535",Toronto,B
-79.1782815387356,43.8028219134066,"5350362.04","0362.04","35",Ontario,"535","35535",Toronto,B
-79.3134814092209,43.8023257550335,"5350376.08","0376.08","35",Ontario,"535","35535",Toronto,B
-79.6158346249476,43.7407538986161,"5350248.03","0248.03","35",Ontario,"535","35535",Toronto,B
-79.2228042851721,43.8031308922425,"5350378.11","0378.11","35",Ontario,"535","35535",Toronto,B
-79.2143652569508,43.8040195611768,"5350378.12","0378.12","35",Ontario,"535","35535",Toronto,B
-79.4158297058521,43.6855693251558,"5350167.01","0167.01","35",Ontario,"535","35535",Toronto,B
-79.427715509449,43.6902629176267,"5350167.02","0167.02","35",Ontario,"535","35535",Toronto,B
-79.2743203113753,43.8113807516096,"5350378.14","0378.14","35",Ontario,"535","35535",Toronto,B
-79.3404330602301,43.7072599606269,"5350194.02","0194.02","35",Ontario,"535","35535",Toronto,B
-79.3451740136155,43.7047206549446,"5350194.03","0194.03","35",Ontario,"535","35535",Toronto,B
-79.3292636503924,43.7159054487215,"5350260.05","0260.05","35",Ontario,"535","35535",Toronto,B
-79.5908006279123,43.7020557747747,"5350247.01","0247.01","35",Ontario,"535","35535",Toronto,B
-79.3872535694257,43.6679071851931,"5350062.01","0062.01","35",Ontario,"535","35535",Toronto,B
-79.3892530693965,43.6643358031618,"5350062.02","0062.02","35",Ontario,"535","35535",Toronto,B
-79.2911806719994,43.8244513724271,"5350377.06","0377.06","35",Ontario,"535","35535",Toronto,B
-79.2882518672708,43.8178586241518,"5350377.07","0377.07","35",Ontario,"535","35535",Toronto,B
-79.4347019603215,43.6434735791636,"5350047.02","0047.02","35",Ontario,"535","35535",Toronto,B
-79.4660656218938,43.6553754498357,"5350102.02","0102.02","35",Ontario,"535","35535",Toronto,B
-79.4626205286657,43.6561268126914,"5350102.03","0102.03","35",Ontario,"535","35535",Toronto,B
-79.3954736791911,43.7116758518959,"5350136.01","0136.01","35",Ontario,"535","35535",Toronto,B
-79.3946846960288,43.7089425397988,"5350136.02","0136.02","35",Ontario,"535","35535",Toronto,B
-79.591027371943,43.7494660821843,"5350249.04","0249.04","35",Ontario,"535","35535",Toronto,B
-79.584988811943,43.7588229107749,"5350250.04","0250.04","35",Ontario,"535","35535",Toronto,B
-79.3528659334111,43.7087901796281,"5350194.04","0194.04","35",Ontario,"535","35535",Toronto,B
-79.2587672333403,43.8235638457774,"5350378.19","0378.19","35",Ontario,"535","35535",Toronto,B
-79.2762498563327,43.8244813305587,"5350378.20","0378.20","35",Ontario,"535","35535",Toronto,B
-79.2785949545672,43.8197001239455,"5350378.21","0378.21","35",Ontario,"535","35535",Toronto,B
-79.2811723361463,43.8269965792395,"5350378.22","0378.22","35",Ontario,"535","35535",Toronto,B
-79.3410909657685,43.7015093440031,"5350194.01","0194.01","35",Ontario,"535","35535",Toronto,B
-79.4517672117352,43.7780379281306,"5350317.04","0317.04","35",Ontario,"535","35535",Toronto,B
-79.4527817442444,43.7738149131724,"5350317.05","0317.05","35",Ontario,"535","35535",Toronto,B
-79.2842280775638,43.7007631625889,"5350341.03","0341.03","35",Ontario,"535","35535",Toronto,B
-79.2797942071587,43.6985501238697,"5350341.04","0341.04","35",Ontario,"535","35535",Toronto,B
-79.5792607123275,43.7484837211845,"5350250.05","0250.05","35",Ontario,"535","35535",Toronto,B
-79.1295425593777,43.7929184112627,"5350802.02","0802.02","35",Ontario,"535","35535",Toronto,B
-79.4986626760076,43.7627311409776,"5350311.05","0311.05","35",Ontario,"535","35535",Toronto,B
-79.346306635421,43.7650303452647,"5350269.01","0269.01","35",Ontario,"535","35535",Toronto,B
-79.3392355849854,43.753273230541,"5350269.02","0269.02","35",Ontario,"535","35535",Toronto,B
-79.2538726762555,43.731350804331,"5350344.01","0344.01","35",Ontario,"535","35535",Toronto,B
-79.2512898677824,43.7258672011582,"5350344.02","0344.02","35",Ontario,"535","35535",Toronto,B
-79.4864747182863,43.7692106302251,"5350311.06","0311.06","35",Ontario,"535","35535",Toronto,B
-79.2738353071877,43.8248973247951,"5350378.18","0378.18","35",Ontario,"535","35535",Toronto,B
-79.5037619688857,43.7446271669756,"5350312.07","0312.07","35",Ontario,"535","35535",Toronto,B
-79.3361685004536,43.7304025395336,"5350263.03","0263.03","35",Ontario,"535","35535",Toronto,B
-79.5152103807645,43.7608690559461,"5350316.05","0316.05","35",Ontario,"535","35535",Toronto,B
-79.5118940655146,43.7635961014068,"5350316.06","0316.06","35",Ontario,"535","35535",Toronto,B
-79.4070277888866,43.7978937803144,"5350321.01","0321.01","35",Ontario,"535","35535",Toronto,B
-79.4064931189377,43.7923227024486,"5350321.02","0321.02","35",Ontario,"535","35535",Toronto,B
-79.3608415873136,43.8065154855316,"5350324.05","0324.05","35",Ontario,"535","35535",Toronto,B
-79.3528310553395,43.8099098846001,"5350324.06","0324.06","35",Ontario,"535","35535",Toronto,B
-79.2150399863956,43.7469880935776,"5350331.03","0331.03","35",Ontario,"535","35535",Toronto,B
-79.3269392320986,43.7293417068165,"5350263.04","0263.04","35",Ontario,"535","35535",Toronto,B
-79.3796168690563,43.7787387711662,"5350305.01","0305.01","35",Ontario,"535","35535",Toronto,B
-79.3982657140589,43.7790175768814,"5350306.01","0306.01","35",Ontario,"535","35535",Toronto,B
-79.3953842227275,43.7700562628963,"5350306.02","0306.02","35",Ontario,"535","35535",Toronto,B
-79.5111500972327,43.7439206267189,"5350312.06","0312.06","35",Ontario,"535","35535",Toronto,B
-79.5882611164252,43.7435885384333,"5350249.05","0249.05","35",Ontario,"535","35535",Toronto,B
-79.3068970693231,43.6865087812615,"5350080.01","0080.01","35",Ontario,"535","35535",Toronto,B
-79.2968574594809,43.6892978202118,"5350080.02","0080.02","35",Ontario,"535","35535",Toronto,B
-79.3407289622176,43.6749760466063,"5350072.01","0072.01","35",Ontario,"535","35535",Toronto,B
-79.3348668875838,43.677053100614,"5350072.02","0072.02","35",Ontario,"535","35535",Toronto,B
-79.2121476694674,43.7381128356277,"5350331.04","0331.04","35",Ontario,"535","35535",Toronto,B
-79.2747880311125,43.7362348771382,"5350351.01","0351.01","35",Ontario,"535","35535",Toronto,B
-79.2678645166105,43.7386952579034,"5350351.02","0351.02","35",Ontario,"535","35535",Toronto,B
-79.581719822027,43.7209427933667,"5350247.02","0247.02","35",Ontario,"535","35535",Toronto,B
-79.6106778367816,43.729823678647,"5350248.04","0248.04","35",Ontario,"535","35535",Toronto,B
-79.5950559944705,43.7302719675956,"5350248.05","0248.05","35",Ontario,"535","35535",Toronto,B
-79.4981631767331,43.6982469812301,"5350281.01","0281.01","35",Ontario,"535","35535",Toronto,B
-79.4914068199836,43.6999907926049,"5350281.02","0281.02","35",Ontario,"535","35535",Toronto,B
-79.2623815458187,43.7383168947489,"5350353.03","0353.03","35",Ontario,"535","35535",Toronto,B
-79.2549747085305,43.73883932133,"5350353.04","0353.04","35",Ontario,"535","35535",Toronto,B
-79.2428325179234,43.7365622988631,"5350355.04","0355.04","35",Ontario,"535","35535",Toronto,B
-79.2050151042602,43.7905891723371,"5350363.04","0363.04","35",Ontario,"535","35535",Toronto,B
-79.19796240349,43.7889713328108,"5350363.05","0363.05","35",Ontario,"535","35535",Toronto,B
-79.3308786394988,43.7982812519552,"5350376.11","0376.11","35",Ontario,"535","35535",Toronto,B
-79.3233023220268,43.7999698360777,"5350376.12","0376.12","35",Ontario,"535","35535",Toronto,B
-79.4704248367269,43.6852821163054,"5350159.01","0159.01","35",Ontario,"535","35535",Toronto,B
-79.4653788869168,43.6865474265595,"5350159.02","0159.02","35",Ontario,"535","35535",Toronto,B
-79.5315528808457,43.6485257933659,"5350225.01","0225.01","35",Ontario,"535","35535",Toronto,B
-79.5286219690061,43.6453217507288,"5350225.02","0225.02","35",Ontario,"535","35535",Toronto,B
-79.3339397444109,43.7154423895313,"5350260.04","0260.04","35",Ontario,"535","35535",Toronto,B
-79.3438670017061,43.7723293170838,"5350301.03","0301.03","35",Ontario,"535","35535",Toronto,B
-79.3328413817038,43.7714182115005,"5350301.04","0301.04","35",Ontario,"535","35535",Toronto,B
