dauid,population,pop_in_low_inc_hhld_LICO
35204633,1857,200
35204628,368,50
35204629,587,120
35204627,437,70
35204632,504,75
35204631,579,60
35204905,1774,525
35204906,1255,340
35204903,3495,1170
35204904,626,175
35204626,384,30
35204630,383,45
35204617,737,315
35204616,1850,590
35204725,598,65
35204776,1027,300
35204764,116,
35204723,916,70
35204758,935,215
35204759,803,215
35204756,1175,110
35204757,823,70
35204728,560,50
35204901,1014,460
35204902,498,165
35204722,1456,125
35204727,861,60
35204754,2155,715
35204755,1195,265
35204720,1017,80
35204721,726,40
35204718,1027,85
35204719,846,80
35204717,814,55
35204753,574,25
35204726,489,55
35204734,1010,130
35204735,849,85
35204733,827,40
35204738,3894,1390
35204739,474,85
35204736,999,120
35204737,1459,155
35204773,674,100
35204777,1242,330
35204769,1523,85
35204770,1204,150
35204771,647,55
35204772,2099,520
35204767,1365,290
35204765,2155,385
35204766,617,85
35204752,726,25
35204762,738,60
35204763,5206,770
35204761,1206,50
35204760,1139,30
35204741,373,60
35204742,1614,295
35204749,1088,80
35204750,562,40
35204747,1544,230
35204748,899,35
35204746,1383,160
35204744,581,100
35204745,1123,65
35204743,723,95
35204740,1491,405
35204751,528,25
35204572,401,95
35204612,812,220
35204570,572,110
35204571,926,110
35204568,693,160
35204569,620,125
35204566,470,155
35204567,7244,2900
35204564,3044,1195
35204565,1436,375
35204562,577,145
35204563,1533,385
35204611,746,85
35204573,572,95
35204511,608,40
35203342,1399,85
35203344,294,30
35203339,413,45
35203340,1838,815
35202847,927,535
35202848,701,310
35202845,361,80
35202846,290,35
35204610,744,
35202843,453,130
35204608,875,250
35204609,305,120
35204606,4410,1790
35204607,814,235
35204603,668,80
35204605,1190,500
35204601,518,270
35204602,1668,815
35204599,797,310
35204600,934,120
35204597,553,185
35204598,772,240
35204613,560,185
35204596,683,220
35204584,695,230
35202807,769,100
35204582,756,335
35204583,538,125
35204580,965,200
35204581,1052,280
35204578,2527,580
35204579,1612,370
35204576,568,125
35204577,571,55
35204574,1454,390
35204575,610,115
35202548,479,95
35204056,1937,1195
35202535,513,55
35202547,837,125
35202529,1006,250
35202534,1003,115
35202671,2297,360
35202523,511,120
35202514,467,90
35202517,518,65
35202512,499,125
35202513,446,55
35202510,942,310
35202511,699,150
35202670,801,200
35203378,642,60
35202515,552,80
35202516,489,50
35203317,528,25
35203318,645,30
35203315,393,10
35203316,425,10
35204045,1502,345
35203314,562,65
35203296,298,20
35204043,1934,535
35203338,408,45
35204595,1232,505
35203334,447,65
35203337,350,45
35203332,439,35
35203333,710,95
35202672,436,25
35203331,854,305
35203384,536,35
35203385,425,40
35203382,446,40
35203383,389,25
35203381,495,65
35204589,1158,210
35203379,541,65
35203380,480,50
35203377,555,70
35204561,602,70
35203376,248,
35204588,3040,920
35203374,609,75
35203375,308,45
35203372,1472,405
35203373,345,35
35203370,621,130
35203371,1728,560
35203362,314,30
35203363,344,10
35203361,524,65
35204334,321,35
35204335,637,335
35204593,817,265
35204333,2930,990
35204327,461,95
35204328,467,90
35204325,646,160
35204326,1330,385
35204042,1680,210
35204324,533,105
35204331,1324,575
35204041,2333,455
35204329,3223,815
35204330,1615,565
35202504,619,120
35202507,383,75
35202502,383,95
35202503,550,150
35204550,422,65
35202501,984,195
35202499,650,165
35202500,486,115
35202497,445,75
35202498,585,120
35202495,376,45
35202496,592,110
35202806,919,90
35202494,447,45
35202487,287,20
35202805,641,90
35202485,298,35
35202486,432,45
35203291,976,390
35203292,360,40
35203289,695,75
35203290,572,140
35203287,425,50
35203288,1050,85
35203285,505,40
35203286,667,230
35203283,572,40
35203284,407,30
35204033,2035,660
35203294,619,50
35204032,1512,255
35204551,399,35
35202508,488,105
35202509,520,105
35204594,1180,440
35204339,802,90
35204338,365,50
35204336,486,35
35204337,637,210
35204084,3131,555
35202669,1051,175
35202492,387,45
35202493,348,40
35202491,549,80
35204321,2246,565
35204318,551,65
35204319,596,70
35204315,599,105
35204317,1886,655
35204313,1552,350
35204314,1333,365
35204305,1175,260
35204306,3366,855
35204307,1203,400
35204309,379,55
35202483,1380,125
35202484,266,45
35202482,510,75
35204592,2007,825
35202480,470,55
35202481,434,55
35204549,378,55
35204323,520,95
35204097,2141,325
35204510,554,35
35204095,1727,160
35204096,2172,655
35204092,855,60
35204093,2601,635
35204090,1165,160
35204091,1381,510
35204088,2622,660
35204089,893,145
35204085,2824,875
35204087,2059,790
35204586,486,105
35204585,867,155
35204373,1903,305
35204374,568,70
35204057,1236,405
35204384,770,85
35204385,647,45
35204382,2090,480
35204383,721,75
35204052,2257,860
35204053,2360,410
35204049,6531,850
35202808,523,105
35204047,1300,95
35203720,589,15
35203721,400,5
35204303,470,55
35204304,477,30
35204094,3378,1145
35204082,1617,470
35204083,2134,595
35204587,284,40
35204081,2765,675
35204079,2959,485
35204080,1736,315
35204054,1190,320
35204055,2240,740
35203150,484,20
35203152,607,40
35203146,1000,80
35203147,891,90
35203143,558,140
35203144,544,160
35202744,523,100
35203142,478,20
35204322,476,80
35203141,442,5
35203139,530,20
35203140,752,20
35204591,1273,240
35203138,392,20
35203137,757,50
35203149,1085,95
35203148,483,25
35203136,469,60
35203711,385,40
35203135,496,20
35204371,3688,1380
35204372,1261,520
35204369,418,75
35204370,1489,305
35204366,482,345
35204367,2954,1445
35204364,1141,460
35204365,521,35
35204077,1531,340
35204381,1416,230
35204075,2009,325
35204076,1437,320
35204379,398,25
35204380,2622,535
35204039,1166,190
35204040,839,50
35204036,2344,190
35204038,915,105
35204035,3348,400
35202522,508,90
35203712,400,40
35204034,791,75
35204377,474,50
35204378,481,65
35204375,612,40
35204376,492,50
35202666,2063,405
35203153,601,30
35203154,501,15
35203757,560,50
35203129,394,85
35204363,635,30
35203756,491,80
35203151,477,10
35203127,905,115
35203128,367,45
35203113,272,10
35203126,608,45
35203111,550,45
35203112,459,10
35203110,576,10
35203293,184,
35203732,656,25
35203056,1018,250
35203731,1669,70
35203729,395,25
35203730,465,25
35203077,344,20
35203074,567,75
35203075,711,175
35203072,400,70
35203073,364,45
35203064,497,70
35203071,361,50
35203060,280,35
35203061,637,75
35203058,590,65
35203059,302,25
35203134,405,105
35203057,1054,235
35203132,476,100
35203133,336,85
35203786,691,35
35203131,1258,305
35203762,541,30
35203766,1286,565
35203760,450,15
35203761,439,15
35203758,462,25
35203759,414,35
35203853,331,50
35203857,1966,580
35203851,290,45
35203852,330,35
35203420,729,100
35203850,1024,145
35203418,624,100
35203419,626,65
35203495,470,60
35203496,512,75
35203493,562,80
35203494,583,75
35203818,703,120
35203492,504,95
35203407,585,100
35203408,1958,275
35203405,1055,325
35203406,1521,380
35203403,2382,360
35203404,2170,665
35200406,389,10
35203491,593,100
35200404,470,65
35200405,462,80
35203490,597,85
35200402,465,40
35200196,537,75
35203828,458,30
35200190,380,45
35200193,407,30
35200188,873,235
35200189,467,85
35203725,560,60
35203726,488,35
35203723,431,25
35203724,510,20
35203591,1019,155
35203722,524,30
35203529,542,80
35203530,526,65
35203888,757,60
35203528,535,70
35203886,460,35
35203887,564,55
35203884,481,45
35203885,411,110
35203882,390,25
35203883,435,65
35203880,362,55
35203881,631,125
35203878,618,130
35203448,961,470
35203449,1151,365
35203446,567,75
35203447,651,75
35203444,637,130
35203445,593,80
35203519,984,65
35203673,257,20
35203860,386,80
35203858,430,85
35203859,351,65
35204415,913,265
35204416,375,85
35204413,1002,275
35204414,1346,615
35204411,571,340
35204412,1462,525
35202575,561,40
35204410,926,140
35204408,584,110
35204409,379,65
35204406,426,40
35204407,535,125
35204404,497,35
35204405,686,75
35204402,1911,405
35204403,609,105
35202574,466,40
35203733,500,15
35202549,468,100
35202550,534,115
35204398,558,85
35204399,972,190
35204396,998,105
35204397,1131,145
35204389,875,120
35204395,630,30
35204278,483,30
35204393,539,40
35204394,455,25
35204417,431,60
35204358,729,125
35204387,570,80
35204388,551,40
35204351,2007,240
35204352,1609,465
35204347,2261,495
35204350,517,70
35204345,645,60
35204346,888,195
35204343,616,40
35204344,1087,145
35204349,583,45
35204342,507,30
35204271,975,70
35204348,2121,330
35204440,478,50
35204269,6071,1890
35204438,609,65
35204439,675,45
35204437,601,50
35204225,508,130
35204226,486,100
35204222,758,195
35204224,1277,265
35204220,333,60
35204221,422,110
35204218,662,50
35204219,365,115
35204435,976,90
35204436,2097,750
35204289,805,120
35204277,1207,100
35204391,629,25
35204392,476,80
35204275,530,100
35204276,508,20
35204273,32,
35204274,565,270
35204272,3178,990
35204265,1016,60
35204266,148,
35204268,587,40
35202479,525,70
35204362,526,35
35204267,2189,400
35204360,905,210
35204361,491,45
35204390,1145,285
35204359,1249,525
35204356,820,180
35204357,550,30
35204355,2583,370
35204236,661,40
35204238,723,30
35204233,308,50
35204235,443,50
35203107,719,30
35204232,1246,45
35203753,399,60
35203105,387,20
35203751,438,35
35203752,933,80
35203748,363,25
35203746,1115,100
35203747,729,45
35203744,631,50
35203745,865,65
35204180,865,80
35204386,768,50
35204179,519,305
35204177,587,55
35204178,734,50
35204174,526,90
35204176,434,60
35204262,400,30
35204263,418,30
35204259,5520,1425
35204261,888,390
35204418,227,
35204419,526,45
35204211,327,60
35204212,978,310
35204208,1288,365
35204209,176,
35204206,372,60
35204207,424,45
35203098,468,20
35204205,344,40
35203096,763,70
35203097,556,40
35203094,542,25
35203095,648,45
35204204,112,
35203093,682,40
35203087,527,50
35204202,765,110
35203082,363,65
35203086,934,145
35204341,357,
35203081,344,55
35204340,627,170
35203102,381,20
35204455,711,140
35204456,1127,280
35204240,1240,285
35204454,2915,560
35204237,479,35
35204422,508,35
35202770,614,65
35202771,578,30
35202768,862,65
35202769,525,75
35202767,479,35
35202765,569,50
35202763,427,15
35202764,423,30
35203586,430,25
35202762,972,90
35204167,521,30
35203585,465,40
35204165,3533,870
35204166,587,40
35204163,504,5
35204164,602,95
35203109,690,35
35204162,476,35
35204170,529,20
35204168,851,105
35204169,298,20
35203754,702,55
35203755,387,15
35204173,612,115
35203718,1682,105
35203719,580,35
35203716,887,200
35203717,0,
35203715,420,25
35204279,595,30
35203713,661,20
35203714,609,35
35204172,447,30
35203740,377,35
35203743,509,55
35204171,1181,265
35203710,514,40
35203708,1142,50
35203709,1020,115
35204423,484,95
35203705,366,20
35203571,472,45
35203572,406,45
35203570,629,105
35204154,656,60
35204155,650,55
35202761,409,25
35203130,449,110
35202758,459,45
35202760,727,85
35202757,411,35
35202753,465,15
35202756,481,15
35204156,660,110
35204420,457,60
35202747,669,35
35202748,908,185
35202745,525,30
35202746,466,60
35202742,385,20
35202743,935,110
35202739,716,50
35202741,457,55
35202749,327,10
35203590,1380,220
35203588,570,70
35203589,686,100
35204160,479,50
35204161,550,75
35204157,525,
35204159,707,90
35204421,538,70
35203569,465,40
35204152,575,95
35204153,502,105
35204150,783,95
35204151,929,185
35204148,759,65
35204149,961,130
35202577,514,35
35202702,2354,290
35202703,420,35
35202700,611,60
35202701,506,25
35202699,313,45
35202930,559,55
35202920,624,45
35202928,917,75
35202918,687,45
35202919,570,20
35202911,588,45
35202912,656,60
35202907,485,65
35202910,387,40
35202905,577,20
35202906,913,95
35202903,638,95
35202904,533,20
35202901,477,40
35202902,478,60
35202899,533,15
35202900,725,80
35202897,469,25
35202898,443,10
35202895,525,55
35202896,427,20
35203615,398,70
35203616,564,105
35203581,339,40
35203584,677,150
35203345,595,105
35203587,515,50
35202751,377,5
35202752,451,25
35203627,679,90
35202750,818,90
35203108,652,30
35203626,477,40
35203622,1084,220
35203623,936,140
35203620,981,115
35203621,1118,145
35203346,433,30
35203619,543,70
35203617,984,335
35203618,2437,415
35203613,937,145
35203614,374,60
35203611,422,45
35202676,688,25
35203608,615,65
35203610,771,25
35203612,512,90
35203607,757,90
35202892,315,30
35202462,1015,365
35202466,657,115
35202460,397,70
35202461,312,60
35202457,268,30
35202458,348,35
35202455,465,65
35202456,364,60
35202454,806,140
35203322,612,30
35202459,424,70
35202891,589,70
35203321,377,30
35202675,556,40
35202890,641,100
35202888,493,40
35202889,418,70
35202886,439,20
35202887,475,65
35203579,455,55
35203580,961,260
35203577,439,30
35203578,512,60
35203576,500,65
35202894,709,110
35203574,640,60
35203575,595,45
35203330,1061,470
35203573,665,95
35203323,418,45
35203324,567,165
35203568,1012,260
35203606,528,95
35203566,958,190
35203567,670,110
35203561,1074,225
35202893,613,115
35203552,624,75
35203554,470,85
35203547,552,75
35203548,827,160
35203300,437,55
35203301,494,65
35203299,469,55
35202673,1200,125
35204535,1509,290
35204536,901,185
35204533,1159,275
35204534,461,90
35204531,542,60
35204532,517,150
35204529,510,35
35204530,566,45
35204527,472,45
35204528,498,40
35204517,423,60
35204518,576,75
35204515,707,85
35204516,730,95
35204513,340,25
35204514,458,65
35202849,1134,275
35204512,522,70
35202883,315,40
35202884,487,35
35202881,483,40
35202882,582,45
35202879,1343,80
35202880,749,105
35202878,499,60
35202674,1289,155
35203298,517,40
35202850,831,300
35204147,1439,230
35203297,516,75
35202823,855,80
35202840,322,
35202820,1328,290
35202821,932,225
35202818,1728,295
35202819,1016,210
35202814,324,25
35202817,1798,305
35202812,564,30
35202813,437,40
35202810,393,50
35202811,828,75
35202809,331,50
35204860,0,
35204858,894,165
35204859,1376,210
35204856,1502,120
35204857,1311,520
35202704,438,35
35204855,673,65
35203604,735,105
35203605,719,125
35203599,815,100
35203600,392,45
35203596,321,25
35203597,452,40
35203594,811,70
35203595,588,70
35204885,3509,1170
35204883,1901,655
35204884,496,95
35204881,441,50
35204882,554,140
35204879,1087,110
35204880,1804,165
35203593,301,40
35204622,564,125
35204832,1756,280
35204830,1375,340
35204831,459,75
35204827,3274,500
35204829,817,185
35202997,631,15
35202705,1401,120
35202995,350,15
35202996,609,35
35202993,823,20
35202994,322,5
35202706,543,100
35204888,1828,305
35204890,462,20
35204886,392,95
35204887,1142,145
35202983,525,35
35202984,1147,85
35202977,273,45
35202982,299,20
35204200,81,
35204876,724,355
35204877,337,65
35204873,1629,215
35202966,306,20
35204889,400,60
35202965,897,265
35202953,497,10
35203592,377,60
35202950,575,40
35202952,497,10
35202944,798,125
35202945,468,25
35202942,613,10
35202943,764,95
35202940,457,55
35202941,493,20
35202938,501,30
35202939,701,50
35202949,697,60
35204825,1130,155
35204824,1392,195
35202948,386,10
35204822,1937,215
35204823,811,130
35204820,3025,510
35204821,1021,155
35204819,6748,1735
35202947,842,50
35204802,1110,175
35204872,3623,420
35204826,3595,625
35204870,1869,135
35204871,2011,165
35204867,730,85
35204869,320,20
35204814,930,225
35204815,1055,170
35204812,879,95
35204813,735,145
35204810,821,90
35204811,1011,185
35204808,841,105
35204809,765,265
35204806,415,70
35204807,1223,285
35204805,1078,110
35204828,1246,325
35204854,0,
35204803,1097,350
35204798,959,75
35204853,380,10
35204796,3340,1335
35204797,911,70
35204791,888,110
35204793,1420,185
35204789,966,280
35204790,493,165
35204795,774,205
35204788,1137,200
35204787,523,75
35204794,903,120
35202776,584,25
35202788,1039,70
35202992,585,20
35202787,553,40
35202991,650,65
35202620,1876,270
35202621,481,25
35202684,567,45
35202619,616,55
35202681,474,10
35202682,711,50
35202679,592,5
35202680,450,25
35202677,525,20
35202678,439,10
35202975,341,15
35202976,364,10
35202656,727,165
35202974,362,10
35202612,682,95
35202683,466,45
35202608,806,60
35202611,421,25
35202655,904,210
35202645,436,30
35204800,384,25
35204801,454,45
35202695,447,15
35204799,2387,530
35202694,876,50
35202946,611,40
35202690,475,30
35202691,609,25
35202688,631,25
35202689,575,35
35202686,469,10
35202687,549,25
35204786,849,60
35202685,515,15
35203032,409,50
35203033,391,50
35202653,353,20
35203031,1013,90
35202649,701,45
35202650,795,90
35202647,699,55
35202648,573,40
35202937,656,20
35202646,615,25
35202935,633,35
35202936,556,30
35203156,374,115
35202933,514,45
35202779,436,20
35202804,960,120
35202777,572,20
35202778,609,40
35204878,0,
35202616,550,55
35204705,306,85
35204707,1916,635
35204701,149,
35204704,1695,500
35204547,467,65
35204548,1050,240
35204699,624,290
35204700,1242,315
35204697,540,240
35204698,680,195
35202606,627,60
35204696,629,95
35202600,453,20
35202605,551,150
35204546,530,90
35202599,585,35
35202597,503,45
35202598,361,20
35202593,468,50
35202594,349,30
35204865,1155,200
35204866,696,90
35204863,1650,660
35204864,0,
35204545,379,55
35204862,1029,380
35204689,819,260
35204690,981,190
35204687,355,60
35204688,673,170
35202954,511,40
35202644,515,25
35202654,1355,320
35202591,916,190
35202590,411,60
35202955,592,55
35202588,325,40
35202589,1025,205
35202586,521,70
35202587,617,125
35202584,431,75
35202585,636,105
35202802,501,30
35202803,553,60
35202774,537,50
35202775,504,10
35204559,572,65
35202773,595,40
35204557,489,30
35204558,800,95
35204555,519,60
35204556,518,60
35204553,458,30
35204554,478,55
35204544,611,50
35204552,462,50
35204542,447,35
35204543,889,160
35204540,582,100
35204541,590,25
35202617,539,70
35202618,676,135
35203350,929,470
35203351,603,90
35203347,382,50
35203348,883,280
35204817,768,125
35204695,457,90
35204816,1176,260
35202792,390,35
35202797,584,30
35204694,2436,290
35204685,446,90
35204683,429,40
35204684,632,325
35204681,374,35
35204682,449,255
35204679,399,60
35204680,676,135
35204676,4631,580
35204678,391,35
35202791,610,145
35202583,663,90
35204686,477,50
35202801,743,70
35204852,727,140
35204851,777,125
35204861,583,95
35204848,912,90
35204850,1744,655
35204673,593,55
35204674,557,40
35202800,457,50
35204672,830,50
35204670,1200,140
35204671,439,25
35204668,874,120
35204669,488,125
35204666,2606,380
35204667,453,100
35204539,534,90
35204665,594,160
35203360,260,50
35204538,538,50
35203359,461,85
35202799,422,30
35203357,349,35
35203358,468,65
35203355,489,55
35203356,517,95
35203353,469,80
35203354,545,55
35203352,444,100
35202798,726,65
35202571,653,90
35202572,664,100
35202569,825,85
35202570,586,50
35202566,852,90
35202567,779,65
35202564,615,55
35202565,680,45
35202555,863,165
35202560,416,60
35202554,970,230
35204509,527,40
35204507,971,130
35204508,526,65
35204505,988,160
35204506,883,65
35204503,566,110
35204504,401,35
35204498,508,50
35204621,663,180
35204496,466,35
35204497,407,40
35204494,801,135
35204495,528,55
35204492,382,35
35204493,495,55
35204490,966,265
35204491,491,45
35204489,676,85
35204663,466,150
35204664,575,100
35204662,1028,225
35204066,1428,80
35202932,504,25
35204065,1617,385
35202573,608,45
35202931,613,85
35204486,476,20
35204487,1717,195
35204484,464,40
35204485,544,25
35202615,436,55
35204483,425,130
35202613,650,70
35202614,485,50
35204452,477,85
35204453,945,200
35204451,417,115
35204478,786,65
35204449,383,80
35204450,413,70
35204447,474,90
35204448,714,210
35204446,682,290
35202592,439,25
35204444,403,100
35204445,467,110
35204433,489,15
35204434,487,35
35204431,599,20
35204432,521,75
35204560,531,35
35202551,464,80
35204301,441,40
35204302,514,45
35204299,427,70
35204300,485,60
35204296,654,85
35204298,1205,490
35204482,411,40
35204480,815,255
35204481,528,40
35202643,503,25
35204479,100,
35202641,735,35
35202642,502,15
35202639,469,25
35202640,905,100
35204477,476,35
35204620,649,165
35204476,464,25
35204474,3403,525
35204475,595,25
35202553,1000,210
35202478,742,85
35202772,605,30
35202476,631,60
35202477,570,70
35202472,749,390
35202475,576,80
35202468,886,130
35202469,763,110
35204425,541,125
35204426,2462,705
35204675,1553,135
35204424,933,155
35204443,488,100
35204074,5498,2585
35204067,1228,55
35204068,2426,300
35204072,2933,935
35204073,5983,2230
35204069,1586,300
35204070,1114,140
35204064,1774,235
35204280,391,55
35204062,1847,420
35204063,2732,325
35204061,1312,385
35204060,2044,425
35204058,1313,260
35204059,2907,775
35204294,550,60
35204295,447,45
35204297,466,50
35204293,469,55
35204537,646,120
35202467,570,120
35204291,943,195
35204292,719,80
35204287,775,375
35204290,1342,610
35204285,509,90
35204286,556,45
35204283,541,75
35204284,2869,545
35204281,626,90
35204282,665,80
35204441,513,70
35204442,466,80
35204692,540,130
35204693,485,90
35204691,4122,885
35204430,922,225
35204428,2876,800
35204429,587,65
35204427,1109,390
35204288,545,85
35204625,397,45
35204614,1001,315
35204615,1723,515
35204732,677,40
35204731,627,45
35204729,589,40
35204730,578,125
35204774,981,210
35204768,901,145
35204623,675,200
35204624,654,175
35204775,716,100
35204231,1414,260
35204230,2640,420
35204217,298,85
35204216,985,260
35204198,1069,395
35204199,1038,160
35204196,492,165
35204197,611,210
35204194,953,135
35204195,1669,470
35203739,402,40
35203080,295,55
35203738,537,30
35204201,1176,65
35203737,612,20
35203736,430,10
35203735,394,5
35203053,1176,250
35203051,773,215
35203052,177,
35203049,255,20
35203050,378,55
35203047,593,50
35203048,515,60
35203046,402,40
35203044,367,40
35203045,555,45
35203055,692,145
35203054,1079,105
35204257,1329,355
35204258,0,
35203040,359,25
35203041,874,55
35203038,1050,145
35203039,473,50
35203734,412,5
35204400,460,20
35204401,1498,415
35204191,651,110
35204192,539,265
35204184,1198,480
35204186,465,75
35204182,821,170
35204183,539,50
35204189,474,85
35204190,1223,325
35204187,825,140
35204188,569,35
35202990,941,135
35204213,1600,50
35202988,451,5
35202989,455,25
35202986,539,15
35202987,474,25
35203163,618,80
35202985,601,40
35203035,633,65
35203036,454,70
35204193,347,40
35203034,735,230
35202972,490,35
35203043,418,40
35202970,471,95
35202971,616,40
35202968,715,35
35202969,936,25
35202973,416,20
35202967,474,20
35203160,2469,390
35203161,567,95
35203079,264,40
35203157,7939,1245
35202735,1479,515
35202736,967,325
35202727,604,270
35202733,1944,755
35202712,841,130
35202722,1435,100
35202707,716,115
35203037,532,95
35204353,2227,885
35204181,621,45
35204145,1834,615
35204146,1148,100
35204143,1946,990
35204144,1948,485
35204141,2093,540
35204142,2594,250
35203162,972,105
35204229,1277,160
35204227,1453,170
35204228,3108,330
35203002,679,65
35203003,569,45
35203000,672,10
35203001,530,15
35202998,528,10
35202999,510,10
35203042,629,75
35203167,288,85
35204214,529,10
35204215,834,20
35203681,556,20
35200210,525,135
35203678,234,
35203679,380,10
35203676,534,25
35203677,460,20
35203675,601,45
35200430,621,80
35200201,563,55
35200202,564,65
35203659,998,250
35200200,503,20
35203657,465,60
35203658,403,35
35203680,460,10
35203656,673,65
35203661,723,65
35203664,1078,370
35201914,251,25
35200103,281,55
35201734,493,15
35201913,432,30
35201731,466,50
35201732,696,35
35201736,1685,605
35201737,650,115
35200223,420,80
35201735,484,180
35203691,1039,65
35200222,843,195
35203689,570,65
35200796,479,35
35200415,527,45
35200416,498,25
35200205,499,90
35200414,1168,200
35200203,600,80
35200204,660,135
35200106,1389,280
35200305,622,85
35200306,630,110
35200307,289,70
35200104,1058,230
35200105,1274,175
35200338,464,70
35204488,1936,380
35200336,473,65
35200337,482,100
35200334,460,70
35200335,481,50
35200238,352,70
35200452,626,25
35200237,365,65
35200431,622,100
35200235,403,90
35200236,394,50
35200233,385,105
35200234,458,40
35200224,801,115
35200232,668,105
35200213,565,85
35200214,633,85
35200211,428,95
35200212,408,105
35201704,437,20
35201705,505,30
35201703,609,15
35201701,561,20
35201702,521,30
35201699,497,10
35201700,708,60
35200388,761,95
35201698,583,100
35200386,805,75
35200387,441,45
35201692,944,40
35200385,330,50
35201691,566,30
35200795,448,30
35201676,787,30
35201690,950,35
35200378,304,30
35201675,729,50
35200376,542,55
35200377,497,100
35200147,495,100
35200375,327,40
35201741,489,30
35203687,747,55
35203688,612,65
35203660,426,70
35203686,355,15
35203531,477,30
35203685,448,30
35201744,1856,170
35201748,1352,190
35201739,459,25
35201740,568,25
35201696,1476,130
35201875,1309,275
35203690,518,40
35201738,472,25
35201694,669,65
35201695,532,100
35201693,1033,45
35200394,580,55
35200393,890,90
35200176,404,35
35200174,616,85
35200175,674,90
35200118,585,185
35200164,226,
35200116,529,150
35200117,881,220
35201180,524,60
35200115,854,160
35201178,468,45
35201179,517,55
35200146,532,95
35201177,463,55
35200144,588,125
35200145,538,130
35200109,516,110
35200143,803,110
35200108,496,70
35201157,367,35
35200107,227,
35201155,413,35
35201156,482,110
35201153,504,55
35201154,546,65
35201151,326,70
35201152,397,70
35201149,310,60
35201150,354,75
35204244,399,50
35204246,2256,1310
35204242,1815,175
35204243,1355,355
35203029,267,20
35203030,394,10
35200125,645,140
35200126,501,110
35200124,848,145
35200089,596,90
35200384,527,40
35200088,484,65
35200166,844,140
35200383,570,90
35200165,507,70
35200308,564,20
35201175,516,60
35201495,872,50
35201148,430,75
35201174,473,60
35201146,341,45
35201147,404,45
35201144,283,35
35201145,627,75
35201142,521,65
35201143,548,75
35201140,439,50
35201141,544,45
35201482,552,50
35201485,549,35
35201480,434,20
35201481,401,35
35201478,428,25
35201479,420,55
35201471,735,85
35201477,419,15
35201063,779,125
35201469,2280,290
35201468,683,30
35201483,525,40
35204900,3023,410
35204898,967,115
35204899,0,
35204891,2044,230
35204892,151,
35203027,777,50
35203028,457,45
35203026,686,90
35204526,559,100
35203016,658,105
35203018,221,
35203009,426,10
35203015,307,15
35200087,629,105
35203008,518,20
35201076,598,85
35204245,204,
35201072,582,65
35201073,656,70
35201070,369,65
35201071,501,55
35201432,504,95
35201069,477,70
35201172,516,105
35201173,404,90
35201170,506,105
35201171,381,75
35201168,497,80
35201169,431,55
35201500,582,20
35201501,745,25
35201176,436,40
35201431,364,85
35201498,431,15
35201499,478,20
35201496,1434,95
35201497,497,20
35201402,419,60
35201403,268,40
35201400,283,60
35201401,1891,215
35201398,431,55
35201399,456,115
35201467,612,65
35201397,491,50
35201674,749,90
35201466,749,60
35201384,379,20
35201673,406,70
35201381,428,95
35201383,420,50
35201374,671,65
35201375,610,85
35201372,464,70
35201373,397,5
35201370,377,30
35201371,393,45
35201368,349,25
35201369,646,125
35204846,1574,380
35204847,1400,405
35204844,1959,290
35204845,2711,375
35204842,2587,495
35204843,2174,355
35204896,1753,235
35204897,1985,295
35204894,3642,435
35204895,977,85
35201429,528,70
35201430,436,70
35201427,482,70
35201428,649,115
35201423,353,45
35201426,437,40
35201414,489,30
35201422,581,100
35201412,329,40
35201413,476,75
35201410,401,55
35201411,489,55
35201418,425,50
35200173,392,55
35201494,708,50
35201417,362,60
35201492,523,45
35201493,706,45
35201490,472,20
35201491,537,45
35201488,631,25
35201489,457,15
35201697,476,25
35201487,793,15
35201406,571,75
35201407,703,90
35201404,408,80
35201405,464,70
35204836,404,65
35204837,543,35
35204835,857,110
35204782,2613,1100
35204783,0,
35204780,1246,300
35204781,1037,250
35204785,675,65
35204779,437,85
35204784,0,
35200676,631,30
35200677,516,20
35200674,945,110
35200675,583,100
35200672,301,40
35200673,608,145
35200670,525,30
35200671,418,25
35201058,513,140
35200669,368,30
35201057,679,100
35201166,420,85
35201167,844,475
35201163,242,
35204525,320,35
35204840,581,195
35204841,1612,170
35200167,1332,160
35204839,1589,520
35201394,539,75
35201391,331,35
35201393,560,95
35201389,1012,100
35201390,535,70
35200162,701,105
35200163,680,75
35200150,1353,545
35200161,669,120
35200148,407,75
35200149,374,110
35201361,723,130
35201395,489,85
35200141,561,75
35200142,436,50
35201364,496,45
35201365,796,70
35200140,372,50
35201363,391,45
35201362,1905,680
35204838,951,250
35203006,473,15
35203007,611,20
35202365,373,5
35202366,415,15
35202363,931,30
35202364,428,20
35202361,473,30
35202362,299,45
35202359,577,55
35202360,551,35
35202357,593,30
35202358,477,20
35202355,867,55
35202356,516,30
35202353,524,25
35202354,426,10
35202351,487,40
35202352,482,10
35200653,428,35
35202350,692,35
35200651,715,55
35200652,608,40
35200649,530,30
35200650,742,35
35200647,458,60
35200648,512,80
35201486,432,30
35200646,435,35
35202270,518,85
35202348,508,35
35202347,421,55
35200654,1917,95
35201161,263,145
35201162,632,95
35201159,730,60
35201160,374,95
35200657,875,125
35201158,856,125
35200655,529,65
35200656,419,145
35201416,470,70
35201139,688,145
35201133,523,30
35201134,521,110
35201131,666,50
35201132,721,115
35201129,576,70
35201130,363,45
35200602,456,40
35201128,417,40
35200600,434,25
35200601,415,50
35200598,403,115
35200599,547,95
35203005,577,15
35204778,748,200
35202638,523,20
35203004,597,20
35202636,488,15
35202637,528,25
35204893,273,10
35202630,536,65
35202306,505,30
35202307,427,40
35204711,1981,120
35204712,1240,85
35202269,909,55
35201420,468,50
35202267,706,120
35202268,614,60
35202265,921,155
35202266,664,150
35202263,649,120
35202264,686,95
35202261,520,25
35202262,739,200
35202256,514,30
35202257,576,75
35202254,460,20
35202255,490,50
35202251,467,75
35202252,355,40
35202248,449,50
35202249,317,55
35202327,566,30
35202328,548,20
35202325,672,20
35202326,528,30
35202323,438,45
35202324,383,30
35201387,641,120
35201388,623,65
35202345,772,80
35202346,590,125
35202343,515,20
35202344,545,30
35202341,538,10
35202342,1009,110
35200597,370,30
35202340,470,30
35200595,467,20
35200596,615,100
35200593,740,60
35200594,516,45
35202322,520,65
35200591,578,35
35202316,949,200
35202321,551,65
35202310,436,15
35202311,507,95
35202304,634,25
35202305,667,80
35202302,506,35
35202303,461,40
35202300,518,65
35202301,545,80
35202629,452,55
35202299,531,30
35202309,629,30
35201421,352,65
35202627,394,40
35202628,1647,345
35204714,1182,100
35204715,1276,110
35200018,497,220
35200969,486,90
35200012,503,35
35200013,59,
35200010,274,30
35201080,452,80
35201081,389,40
35201078,938,110
35201079,564,40
35200581,375,50
35201077,446,45
35203255,539,45
35203256,544,65
35203253,462,30
35203254,430,65
35203251,529,95
35203252,585,50
35203249,535,40
35203250,584,75
35203247,637,50
35200568,497,20
35203998,869,60
35203246,418,25
35200896,354,130
35200899,427,220
35200894,518,280
35200895,551,225
35200892,631,160
35200893,290,115
35201010,725,150
35201011,320,40
35201008,394,50
35201009,414,60
35200032,692,60
35200033,471,30
35201017,405,90
35201018,424,65
35200907,430,70
35201016,563,115
35200905,511,95
35200906,1231,210
35200902,674,425
35200903,400,135
35200900,491,70
35200901,403,70
35200992,398,50
35200993,280,55
35200990,520,90
35200991,428,55
35200988,603,70
35200989,640,100
35200986,512,55
35200987,538,85
35200983,342,25
35200985,427,65
35200979,525,20
35200981,467,110
35200976,844,145
35200977,581,160
35200974,777,110
35200975,424,80
35203217,559,70
35203218,614,90
35200566,529,45
35203216,456,245
35200564,584,40
35200565,528,60
35200562,521,40
35200563,480,40
35201438,530,65
35201439,551,100
35202293,467,60
35202294,376,10
35202289,303,5
35202290,1405,285
35202287,422,30
35202288,318,30
35202285,1518,95
35202286,309,15
35202283,543,70
35202284,541,55
35202282,463,65
35201436,556,200
35202280,196,
35202281,597,120
35204134,770,70
35204135,1576,380
35204131,997,240
35204133,1249,490
35204129,1359,555
35200567,578,55
35203937,436,55
35203938,362,40
35200890,588,240
35200891,332,75
35200898,562,175
35203243,468,30
35203242,569,20
35200897,632,280
35203240,826,45
35203241,537,70
35203238,478,25
35203239,665,105
35203236,642,45
35203237,616,45
35203234,704,95
35203235,569,40
35203232,704,90
35203233,642,60
35200876,436,90
35203231,745,85
35200869,663,180
35200870,1887,315
35200867,928,475
35200868,409,160
35200865,687,225
35200866,436,95
35200863,411,210
35200864,406,105
35203224,461,30
35203225,479,75
35203221,552,55
35203222,565,95
35203219,386,75
35203220,398,85
35200827,415,65
35200828,558,185
35200822,907,80
35200826,1096,230
35200815,657,315
35200821,637,110
35200813,328,55
35200814,1089,415
35200810,466,180
35200811,981,310
35203933,1127,240
35200809,258,
35200812,508,125
35203932,473,80
35201031,772,185
35201032,556,255
35201029,894,200
35201030,463,85
35201027,688,145
35201028,517,125
35204501,473,30
35200541,1192,195
35201036,560,255
35201038,629,125
35201034,340,
35201035,650,130
35203928,826,100
35201033,698,155
35201005,546,85
35203927,720,90
35204502,594,80
35203936,343,60
35203984,752,275
35203986,2268,385
35203980,1872,615
35203981,1507,680
35204125,1538,180
35203979,1343,245
35204120,1287,200
35204121,2298,600
35203248,491,50
35203929,997,190
35203214,394,65
35204124,7607,1650
35203212,423,55
35203213,555,75
35203210,330,35
35203211,334,20
35203208,400,25
35203209,614,195
35203965,1234,575
35203971,1849,510
35203961,3033,680
35203962,697,90
35203921,1095,120
35203960,2596,810
35201435,401,80
35203919,220,
35202279,1280,405
35203917,357,35
35200002,356,25
35200494,379,50
35200960,380,20
35200807,197,
35200808,417,105
35200806,507,110
35200703,631,180
35200704,523,135
35200701,488,70
35200702,577,135
35200699,421,75
35200700,302,45
35200695,601,85
35200696,321,50
35200539,1004,185
35200540,496,85
35200536,998,195
35200538,2241,330
35200913,658,125
35200914,574,80
35200911,375,50
35200912,363,55
35200909,665,140
35200910,596,130
35201003,580,90
35201004,391,80
35201001,571,80
35201002,625,100
35200999,547,105
35201000,720,95
35200997,689,90
35200998,422,50
35200995,301,25
35200996,300,30
35200524,507,50
35200525,446,35
35200522,567,20
35200523,574,90
35203916,762,180
35200521,579,55
35203914,1045,245
35203915,1024,280
35203912,820,255
35203913,352,45
35204130,412,80
35203911,737,165
35203909,362,20
35203910,348,35
35200968,721,415
35203908,1227,225
35200966,417,70
35200967,657,90
35200963,421,80
35200965,384,70
35200961,427,75
35200962,515,110
35204030,1495,260
35200471,1368,245
35200490,350,30
35204029,1076,205
35200488,383,80
35200489,358,80
35200694,577,85
35204028,2478,690
35200692,320,55
35200693,475,60
35200484,748,275
35200561,782,55
35200482,426,55
35200483,451,75
35200542,502,95
35200545,257,
35200481,401,30
35200304,683,120
35200302,918,175
35200303,250,55
35200300,1232,325
35200301,404,60
35200444,588,40
35200445,384,20
35200442,517,115
35200443,521,75
35200439,396,25
35200440,500,60
35200437,420,70
35200438,582,50
35200435,406,45
35200436,647,165
35200451,332,15
35200908,483,115
35200449,473,45
35200450,422,45
35200518,495,70
35200519,410,65
35200516,449,30
35200517,521,50
35200514,473,45
35200515,476,25
35200512,409,20
35200513,413,25
35200889,661,195
35200511,461,65
35200887,585,140
35200888,737,175
35204500,515,300
35200886,757,230
35200884,519,115
35200885,523,130
35200882,353,55
35200883,450,115
35200428,470,105
35200429,530,160
35200426,474,65
35200427,526,75
35200480,400,40
35200423,576,80
35200478,502,60
35200479,537,45
35200472,636,65
35200475,532,70
35202278,611,100
35200298,1094,130
35202276,672,45
35202277,536,85
35202274,799,145
35202275,595,215
35201909,379,25
35201912,482,275
35201908,515,45
35200492,282,45
35201906,359,30
35201907,455,55
35201904,609,30
35201905,440,60
35203990,1030,75
35201903,1402,265
35203684,1027,125
35203989,1634,245
35203682,754,40
35203683,383,20
35203931,352,55
35200491,474,80
35203876,429,25
35203930,1115,230
35203672,404,45
35203873,257,25
35203669,693,60
35203670,829,70
35203666,428,140
35203668,624,95
35203925,1141,185
35203926,260,20
35203995,1199,315
35203997,999,155
35203993,940,135
35203994,1529,420
35203991,1021,105
35203992,1477,490
35200421,349,25
35200422,539,95
35200418,1059,315
35200420,794,110
35203978,3921,865
35200417,1103,190
35203975,1749,320
35203977,1324,340
35203973,1037,80
35203974,1042,160
35202297,486,40
35203976,1878,435
35202295,526,35
35202296,470,80
35201940,406,15
35201950,502,5
35200493,314,50
35201939,473,40
35201936,463,35
35201937,499,25
35201920,1295,120
35201935,466,40
35201917,440,30
35201919,453,70
35201938,878,85
35201916,532,45
35204499,561,125
35200397,914,265
35203871,460,40
35203872,385,25
35203869,513,55
35203870,471,35
35203867,492,60
35203868,552,45
35203865,525,65
35203866,663,175
35203861,334,60
35203864,644,145
35200534,525,30
35200535,440,105
35200532,439,30
35200533,264,15
35200529,786,35
35200531,685,75
35200291,582,75
35200292,951,210
35203841,525,120
35203842,556,95
35203837,269,15
35203838,479,65
35203835,333,35
35203836,372,55
35203833,503,95
35203834,742,115
35203829,479,50
35203830,578,110
35200506,396,50
35200510,425,55
35203849,584,30
35203922,351,70
35201902,510,70
35203848,547,35
35203846,344,70
35203847,380,135
35203844,617,180
35203845,431,70
35200862,402,85
35201915,379,25
35200860,766,240
35200861,526,130
35200855,1242,180
35200859,323,95
35200833,806,205
35203877,509,175
35200831,590,70
35200832,646,170
35200829,0,
35200830,1252,235
35200412,1675,510
35200413,759,175
35200410,1029,155
35200411,753,115
35200408,517,45
35200409,345,40
35201900,464,60
35201901,421,70
35200794,544,60
35200805,1703,370
35200400,304,40
35200401,449,30
35200683,814,185
35200686,1014,125
35200681,564,95
35200682,434,40
35200679,553,25
35200680,849,85
35200362,555,85
35200678,689,130
35200360,483,95
35200361,386,45
35200358,570,95
35200359,503,100
35200355,540,45
35200357,518,60
35200339,658,320
35200352,1361,450
35200289,618,55
35200290,528,45
35200434,461,40
35200288,429,20
35200219,485,75
35200433,435,55
35200217,412,80
35200218,584,120
35200215,400,40
35200216,677,135
35200432,377,60
35200269,698,45
35200267,1136,140
35200268,558,70
35200265,476,45
35200266,604,60
35200499,934,170
35200505,443,80
35200498,518,110
35200797,428,80
35200495,478,70
35200497,951,335
35200272,2502,790
35200273,3292,1115
35200407,417,45
35200271,1705,495
35200717,471,90
35200718,1410,465
35200715,419,30
35200716,343,40
35200713,447,70
35200714,409,30
35200711,464,60
35200712,749,90
35200709,526,45
35200710,511,50
35200705,969,305
35200708,504,45
35200373,322,30
35200374,606,40
35200396,467,65
35200706,450,35
35200691,282,60
35200395,480,55
35200689,372,60
35200690,409,100
35200687,491,110
35200688,451,70
35203443,479,75
35203441,483,70
35203442,265,30
35203439,607,120
35203440,602,110
35203637,406,35
35203787,709,110
35203820,692,115
35203636,762,80
35203634,536,35
35203819,411,20
35203632,545,15
35203633,417,30
35203513,572,135
35200370,481,15
35200366,695,140
35200368,348,45
35200363,517,90
35200364,1594,405
35200281,529,105
35200139,371,30
35200221,3987,1005
35200138,271,45
35200049,809,135
35200220,434,40
35200047,990,280
35200048,1004,255
35200044,234,
35200046,774,110
35200042,625,70
35200043,572,75
35200079,1276,230
35200080,454,80
35203396,453,75
35200078,755,140
35200209,415,65
35200074,382,85
35200207,238,
35200208,451,55
35200039,314,40
35200206,498,35
35200037,1283,210
35203395,577,50
35200066,483,65
35200067,623,70
35203635,587,35
35201730,415,15
35203416,654,110
35203417,560,55
35203414,533,80
35203415,409,30
35200279,572,40
35200280,961,285
35200275,439,20
35200278,392,25
35200085,357,55
35200086,527,110
35200082,353,45
35200284,912,160
35203401,280,20
35203402,382,55
35203399,535,45
35203400,367,30
35200263,347,25
35200264,503,45
35200261,543,130
35200262,525,55
35200256,635,55
35200260,456,60
35200069,673,80
35200255,529,30
35200187,465,95
35200183,508,95
35200186,627,90
35200371,565,70
35200372,379,20
35203258,523,70
35203259,591,50
35201123,348,30
35200036,273,20
35200034,791,40
35200035,673,55
35203510,415,215
35203511,535,90
35203506,520,60
35203509,802,150
35203504,237,
35203505,509,100
35200030,521,30
35203503,4167,450
35203508,564,25
35204332,545,65
35200029,378,35
35203507,398,50
35203489,646,75
35200028,1174,225
35203484,627,65
35203485,399,35
35201107,814,135
35203483,670,70
35201105,416,60
35201106,561,115
35203486,811,345
35201104,467,65
35201726,423,35
35201728,1283,240
35201724,394,20
35201725,861,70
35200065,412,60
35200068,499,75
35200199,715,30
35200064,660,85
35200197,405,10
35200198,450,50
35200137,609,50
35200031,1142,170
35200136,465,55
35203512,597,110
35200101,1123,220
35200102,892,180
35201122,286,30
35200100,368,55
35201113,493,125
35201114,540,95
35201111,527,65
35201112,464,40
35201109,616,85
35201110,827,120
35201127,576,100
35203527,870,60
35203526,455,30
35201126,333,25
35203524,431,30
35203525,483,45
35203522,812,55
35203523,386,65
35201125,416,30
35203521,1483,65
35203520,2766,1080
35201124,438,65
35203482,2434,175
35204128,3365,1165
35203502,556,105
35203479,427,40
35203480,491,30
35203229,501,35
35203230,655,75
35203226,530,80
35203228,583,75
35204119,1778,395
35203394,857,175
35204117,1979,335
35204118,2724,400
35201442,738,100
35204116,883,505
35200182,397,95
35201441,480,30
35200180,585,140
35200181,352,65
35200178,562,70
35200179,598,65
35200009,293,25
35200177,418,70
35200007,653,65
35201440,502,45
35200005,408,25
35200006,527,40
35204136,1117,300
35202568,925,85
35203630,309,70
35203631,417,30
35201463,1196,275
35201464,778,275
35201460,630,115
35201461,0,
35201453,3777,725
35201459,389,110
35201444,403,85
35201445,368,65
35203257,693,310
35201443,388,70
35203427,582,60
35203435,776,55
35203422,483,70
35203423,578,60
35201448,503,80
35201449,400,55
35203421,740,110
35201447,384,30
35201446,238,
35204139,2304,545
35203498,607,70
35203501,511,55
35203244,413,30
35203245,462,25
35204138,1401,255
35201452,1045,145
35203412,564,60
35203413,401,35
35204137,1430,320
35203411,1441,155
35203409,430,40
35203410,415,60
35200057,248,
35200056,301,35
35201041,840,100
35201039,1281,245
35201040,534,45
35200934,574,250
35200041,902,95
35200932,408,85
35200933,373,80
35200930,460,60
35200931,382,50
35200927,399,65
35200929,373,65
35200925,374,65
35200926,370,65
35200923,341,45
35200924,322,80
35200921,532,95
35200922,522,105
35200919,383,85
35200920,636,80
35200917,355,65
35200918,233,
35200915,726,175
35200916,561,95
35201012,394,60
35201013,338,60
35203628,414,80
35203629,250,25
35204127,1653,410
35201056,490,100
35201048,609,115
35204126,4680,1930
35200073,377,50
35201047,585,80
35200071,436,80
35200072,366,55
35201046,565,140
35200070,556,95
35201025,594,80
35201026,454,105
35201023,684,105
35201024,579,100
35204114,1080,280
35204115,1500,395
35201045,426,110
35204113,1674,180
35204111,2311,660
35201044,568,80
35204109,2005,910
35204110,2139,550
35200003,335,35
35200004,384,40
35200134,727,115
35200135,486,70
35200062,780,105
35201049,787,135
35200133,1134,225
35200058,275,65
35203897,448,185
35203893,519,50
35203895,490,35
35203891,543,65
35203892,560,65
35203889,345,10
35203890,490,25
35202336,524,20
35202337,469,65
35203788,928,75
35200939,402,65
35203651,523,35
35203652,391,45
35203815,635,50
35203650,1477,160
35203812,873,145
35203813,432,10
35203810,543,40
35203811,710,30
35203808,415,15
35203809,414,35
35203803,521,35
35203807,482,140
35203940,702,80
35203802,485,25
35203939,360,45
35203653,689,45
35203898,541,45
35203899,1125,175
35201844,544,60
35200252,561,55
35200250,446,50
35200251,282,40
35200249,492,85
35203260,448,40
35200245,734,95
35200246,421,70
35203700,586,100
35200244,401,45
35203697,355,40
35203698,529,85
35203801,481,35
35203799,705,50
35203800,435,20
35203796,482,125
35203798,438,40
35203794,468,80
35202245,697,70
35200469,485,95
35200470,575,170
35200467,652,65
35200468,581,40
35200253,713,210
35200254,795,60
35202244,504,50
35200877,416,60
35203649,0,
35203542,656,150
35203640,385,40
35203641,325,20
35203472,693,330
35204018,2653,740
35203699,528,65
35202243,641,100
35203695,613,55
35203696,504,40
35203694,523,40
35203545,561,55
35203546,581,95
35203543,572,70
35203544,545,70
35204015,1549,310
35202242,564,105
35201007,369,60
35202241,877,370
35202240,561,70
35200698,303,65
35202239,492,90
35202238,496,75
35201006,580,120
35200697,522,125
35202237,593,120
35203817,645,65
35202395,581,65
35203470,846,145
35203471,590,120
35203468,539,60
35203469,487,95
35203466,1430,270
35203467,466,65
35203393,936,135
35203465,1326,240
35203392,251,
35201609,351,5
35201653,428,30
35201650,391,15
35201652,543,20
35201648,524,30
35201649,521,20
35201641,1710,395
35201647,596,20
35201636,383,5
35200881,408,110
35201634,350,15
35201635,409,25
35201631,743,120
35201632,334,15
35201630,443,15
35202124,538,25
35201629,316,20
35203793,384,
35200054,369,50
35200053,315,45
35200051,467,35
35200052,389,110
35203540,523,50
35203541,801,105
35203538,486,70
35203539,433,65
35203537,523,95
35200878,652,155
35201377,336,55
35200880,505,55
35203388,501,85
35203389,454,70
35203386,631,60
35203387,543,75
35200243,423,40
35203391,426,60
35200239,299,70
35200242,439,35
35200055,463,65
35203463,469,55
35200879,468,85
35203461,614,65
35203462,539,85
35203452,941,230
35203458,565,95
35203451,598,95
35200612,639,30
35201289,370,60
35201288,569,65
35203535,500,45
35203536,436,45
35203534,489,55
35201396,1260,355
35203532,629,55
35203533,451,50
35203281,444,60
35203282,430,35
35203279,648,35
35203280,455,50
35204098,1606,95
35204100,2800,505
35200959,653,55
35200050,1031,140
35200958,779,100
35204101,6906,1645
35204107,881,65
35203190,1387,105
35203185,0,
35204106,1034,540
35200611,526,30
35204103,2446,460
35204105,2248,325
35202416,405,45
35201519,1107,95
35203450,627,70
35200951,611,120
35200957,1193,295
35200955,1359,325
35200956,399,60
35200953,226,
35200954,374,55
35200944,457,80
35200952,1481,235
35200942,596,70
35200943,242,
35200940,285,75
35200941,358,50
35203277,445,30
35203278,491,35
35203275,882,385
35203276,576,75
35203273,1461,90
35203274,773,175
35200950,495,105
35201518,493,25
35203175,2543,305
35203954,7307,1620
35203174,620,55
35203947,2983,555
35203953,1434,240
35203792,721,215
35203946,4226,940
35200949,564,120
35203791,269,30
35203790,503,55
35203951,1657,540
35203948,2715,700
35203270,81,
35203271,523,55
35203268,772,125
35203269,518,55
35203266,443,30
35203267,504,65
35203264,573,70
35203265,466,80
35203261,670,70
35203263,436,35
35204013,2133,250
35204014,3335,530
35203183,556,85
35203184,465,70
35203176,3076,485
35203177,1235,165
35200935,377,75
35200936,316,60
35200466,504,40
35200946,456,60
35200945,507,55
35203789,288,25
35200465,663,85
35200937,399,50
35200938,323,45
35204024,2952,775
35204026,2145,470
35204021,1050,600
35204022,2119,270
35204019,2145,875
35204020,1947,570
35202258,492,35
35203704,402,25
35203701,417,110
35203703,541,45
35203958,1124,265
35203959,1931,825
35203955,1548,120
35204009,1189,210
35203654,478,55
35204006,805,290
35204007,1776,135
35204005,1554,110
35204003,665,225
35204004,3291,525
35203693,583,65
35204001,1079,250
35203945,1370,155
35203692,528,35
35203943,574,30
35203655,434,20
35200463,548,140
35200464,659,85
35200455,407,15
35200456,835,180
35200453,670,30
35200454,724,110
35204012,860,85
35200460,525,125
35204010,1376,195
35204011,1504,570
35200459,328,35
35201517,538,15
35204027,1322,265
35201285,528,45
35201286,205,
35201283,410,40
35201284,382,30
35201279,489,40
35201280,484,45
35201267,482,55
35201278,509,35
35201263,367,45
35201264,786,75
35201257,294,30
35201259,446,95
35201249,524,70
35201602,388,15
35201241,616,55
35201244,265,25
35201228,375,45
35201240,343,35
35201219,974,150
35201222,365,35
35201281,478,30
35201217,653,235
35201242,684,255
35201243,402,25
35201216,549,70
35202453,643,80
35201287,409,50
35201568,527,85
35201315,601,30
35201316,626,55
35201313,466,50
35201314,535,55
35201298,967,55
35201312,1109,100
35201297,897,70
35201294,511,20
35201295,578,30
35201292,551,15
35201293,513,35
35201290,388,40
35201291,689,60
35201014,613,65
35202401,609,45
35202402,556,60
35202400,526,5
35202403,1346,210
35202404,599,115
35202443,1067,155
35201779,2723,820
35202418,435,50
35202414,276,
35202415,439,35
35202407,426,160
35202413,398,20
35202406,911,165
35202399,446,15
35202417,383,60
35202451,622,55
35202452,279,25
35202449,428,40
35202450,305,55
35202447,481,10
35202448,283,30
35201256,391,45
35202446,328,25
35201254,475,80
35201255,379,30
35201252,338,40
35201253,502,65
35201250,812,80
35201251,950,180
35202442,515,90
35202440,445,110
35202441,667,150
35202436,455,110
35202439,503,115
35202431,2821,900
35202433,1836,580
35202419,402,25
35202430,2135,855
35201214,248,
35201215,656,150
35201523,397,25
35201213,416,35
35201521,593,35
35201522,513,70
35202405,610,85
35201520,617,60
35201567,507,55
35201066,615,75
35202161,884,65
35202409,636,100
35200580,497,20
35202408,587,75
35202127,548,60
35202128,681,40
35202100,391,40
35202098,1652,285
35202097,465,155
35202094,407,15
35202096,989,295
35202090,459,110
35202091,551,65
35202086,1349,280
35202087,719,275
35202080,499,50
35202085,1212,270
35202078,256,45
35202079,301,30
35202071,1099,185
35201065,602,60
35202066,943,155
35202067,258,45
35202059,722,50
35202065,2078,425
35202075,539,35
35201555,605,45
35202159,64,
35202160,464,50
35202157,397,60
35202158,449,20
35202156,584,30
35202154,589,100
35202155,571,65
35202152,2125,360
35202153,506,65
35202141,451,55
35202145,735,135
35202139,540,100
35202140,1766,320
35202151,521,45
35202138,426,35
35202137,564,255
35202150,465,45
35202135,1132,220
35202136,824,335
35201211,475,105
35200579,730,80
35202133,776,35
35202134,728,55
35202131,844,170
35202132,1661,360
35202122,610,25
35202123,625,40
35202129,538,45
35202130,519,60
35202072,416,40
35202396,439,10
35200578,358,20
35202398,1207,95
35202058,965,60
35202394,438,15
35201164,410,55
35202056,1051,130
35202057,1172,165
35202055,1281,400
35201064,640,90
35202050,1370,340
35202051,793,185
35203987,868,110
35202177,585,35
35202149,625,60
35201845,444,35
35201840,574,70
35201841,664,190
35201838,575,105
35201839,459,35
35201843,487,75
35201835,1263,360
35201829,469,35
35201842,599,50
35201827,434,35
35201828,446,30
35201824,445,30
35201825,705,135
35201822,944,175
35201823,422,50
35201820,524,40
35201821,2894,465
35201415,414,45
35201874,1089,260
35201869,421,80
35201872,629,95
35200577,563,40
35201868,764,95
35201863,928,180
35201864,622,80
35201861,426,35
35201862,624,110
35201860,654,110
35202013,1605,740
35202022,420,60
35202020,401,65
35202021,717,195
35201819,400,35
35202147,728,145
35201826,300,25
35201834,444,30
35202126,710,35
35201832,290,25
35201833,461,50
35201830,451,55
35201831,330,25
35202026,484,75
35202084,402,65
35202024,872,120
35202125,763,85
35202018,1354,625
35202023,1465,210
35202016,988,310
35202017,3488,1390
35202019,507,110
35202025,651,65
35201379,508,70
35201378,474,60
35201627,379,40
35201625,575,30
35201626,327,15
35201623,1338,155
35201624,430,20
35201621,298,35
35201622,456,15
35201615,468,0
35201613,398,40
35201614,655,90
35201611,458,15
35201612,382,5
35201610,1313,130
35201380,485,70
35200576,740,20
35204646,402,65
35204647,574,205
35204644,481,15
35204645,493,45
35204643,456,15
35202180,1073,160
35201015,700,105
35200792,702,45
35200783,520,150
35200791,430,25
35200774,454,100
35200782,2267,335
35200771,910,375
35200772,849,165
35200769,448,145
35200770,729,205
35200667,472,45
35200668,325,40
35204521,436,45
35200666,754,45
35202226,464,90
35202227,501,100
35202224,307,40
35202225,406,85
35202235,496,85
35202246,396,45
35202298,401,20
35202234,625,80
35201359,408,60
35201360,667,80
35202215,510,70
35202216,415,50
35202213,560,65
35202214,433,40
35202211,289,10
35202212,551,60
35204524,387,35
35202210,375,
35202188,292,30
35202189,452,65
35202186,433,20
35202187,498,30
35202184,881,120
35202185,192,
35202181,686,105
35202183,523,35
35202179,560,110
35204523,592,75
35204833,2712,635
35204710,1223,105
35204522,442,35
35204653,3023,390
35204650,2552,390
35204652,1113,130
35204648,851,390
35204649,527,190
35204519,504,80
35200658,552,35
35202842,344,100
35200329,378,50
35200659,417,15
35200660,752,35
35202349,453,25
35200328,385,30
35201985,274,25
35201986,390,25
35200747,546,35
35200748,569,50
35200645,474,40
35200746,976,55
35200643,510,70
35200644,478,25
35200665,847,70
35204520,678,190
35202232,559,100
35202233,478,60
35200750,494,25
35202178,665,90
35200749,504,25
35202231,394,75
35200732,601,70
35202230,388,50
35200730,339,30
35200731,463,25
35200728,1060,395
35200729,364,45
35200726,412,20
35200727,508,35
35200724,623,45
35200725,638,55
35200719,961,165
35200720,562,140
35204642,618,55
35201068,768,135
35204640,471,35
35204641,630,35
35204463,573,110
35204464,3113,1125
35204461,521,105
35204462,479,65
35202228,508,45
35204460,539,65
35204458,1517,275
35204470,2394,630
35201983,318,40
35201984,627,195
35201977,1441,425
35201979,531,50
35201970,455,35
35201976,660,60
35201968,388,70
35201969,320,20
35202247,463,80
35201967,260,30
35202368,524,20
35201896,370,30
35200323,1148,365
35201973,756,95
35200321,720,130
35200322,374,90
35201965,614,25
35201966,572,35
35201963,448,30
35201964,466,55
35201961,896,165
35201962,553,70
35201972,1362,225
35202367,717,25
35200641,1015,320
35200642,426,65
35200639,1939,665
35200640,566,115
35200590,500,25
35200324,875,105
35200589,639,40
35202369,555,20
35200587,721,100
35200588,759,155
35200585,449,45
35200586,569,50
35200583,799,220
35200584,498,40
35200318,396,80
35200582,806,120
35200313,0,
35200315,996,120
35200309,635,155
35200310,606,170
35200317,465,130
35202229,449,80
35200316,1542,315
35202623,237,
35204469,1611,255
35202622,437,40
35204467,1128,215
35204468,1959,270
35204465,945,70
35204466,1805,295
35200768,397,105
35201888,890,320
35200756,840,280
35200757,684,155
35200754,726,100
35200755,446,45
35201955,505,120
35201958,601,85
35201952,443,40
35201953,536,60
35202218,443,55
35201951,610,25
35201886,555,75
35202217,409,70
35201884,450,50
35201885,516,105
35201883,710,140
35204656,864,85
35204661,1155,610
35204655,1625,200
35204716,1360,115
35201960,1027,205
35201971,451,40
35204457,524,20
35204708,262,45
35204709,360,75
35201895,421,35
35201894,638,105
35201892,1035,310
35201893,468,65
35201889,640,70
35201890,892,160
35201876,1739,460
35201877,258,25
35200744,893,85
35200745,635,80
35204658,324,50
35200128,727,140
35200332,457,70
35200331,377,35
35204657,1995,720
35200127,820,140
35200325,309,25
35200330,461,45
35200121,510,125
35200123,1004,210
35200120,1031,195
35202222,611,95
35201762,836,25
35200119,302,105
35200381,1089,145
35200382,924,260
35204638,481,5
35204639,553,40
35204636,631,25
35204637,518,25
35204634,595,90
35204635,643,45
35204660,363,75
35202223,599,55
35200753,640,35
35200751,548,35
35200752,386,30
35200391,369,50
35200392,392,35
35204659,656,390
35200389,961,100
35200326,593,65
35200327,318,65
35201881,585,35
35201882,509,50
35201879,380,55
35201880,546,30
35200094,484,85
35200095,541,75
35200734,365,15
35200333,458,55
35200092,775,130
35200093,618,125
35200090,582,110
35200091,524,110
35200733,542,30
35201761,515,20
35201758,540,25
35201759,714,30
35201760,442,15
35200741,635,195
35201887,403,55
35201757,385,20
35201706,471,15
35201707,490,10
35200111,512,90
35201067,421,45
35201755,526,25
35200110,609,170
35201753,254,10
35201754,303,5
35201751,299,10
35201752,267,25
35201750,465,20
35201749,412,25
35200379,558,35
35200380,596,50
35200320,926,320
35200114,1081,290
35200319,496,65
35200112,960,200
35201165,599,70
35204473,461,50
35204471,797,95
35204472,830,85
35204256,287,15
35204254,706,240
35204255,638,115
35204252,561,40
35204253,257,25
35204251,590,55
35204250,1620,265
35200297,401,55
35204249,1964,170
35200294,470,30
35200099,266,70
35200293,2150,245
35200096,219,
35200097,269,35
35201580,357,55
35201586,438,50
35201578,394,50
35201579,1078,130
35201576,396,50
35201577,447,55
35201574,448,45
35201575,670,120
35200740,521,35
35201573,1170,230
35201620,800,45
35201581,731,135
35201616,549,25
35201617,1018,50
35201571,476,50
35201572,464,125
35201569,437,65
35201570,354,90
35201565,464,65
35201566,445,45
35201608,443,15
35201564,422,75
35201605,387,25
35201607,832,95
35201603,459,10
35201604,501,30
35201543,513,35
35201544,464,30
35201541,637,45
35201542,553,35
35201526,1549,135
35201532,456,55
35201723,428,75
35201721,412,75
35201722,1032,205
35201719,512,25
35201720,588,50
35201717,571,85
35201718,503,15
35201713,442,30
35201714,1299,300
35201451,359,40
35201711,463,10
35201712,370,5
35201709,306,10
35201710,436,25
35201585,473,40
35201708,546,15
35201583,738,50
35201584,493,45
35201450,593,65
35201582,366,20
35201558,597,50
35201559,590,170
35201557,499,115
35200994,500,115
35200928,367,70
35201020,520,110
35201781,404,25
35201524,525,35
35201525,473,50
35201552,536,90
35201548,457,40
35201547,641,60
35201545,587,95
35201989,485,90
35201789,984,210
35201987,835,75
35201787,498,30
35201788,415,25
35201988,303,15
35201756,676,35
35201785,617,95
35201786,435,5
35201783,388,25
35201784,888,190
35201563,353,70
35201782,231,
35201556,661,95
35201560,437,95
35201060,391,75
35201059,519,110
35202382,642,30
35201434,552,85
35202381,431,20
35202117,646,80
35201792,383,25
35201793,285,30
35201409,399,60
35201351,445,40
35201598,393,10
35201599,536,25
35201352,413,25
35201597,617,35
35201596,712,30
35201594,420,15
35201595,487,40
35201592,410,15
35201593,370,20
35201590,571,50
35201591,620,60
35201588,608,55
35201589,689,35
35201347,531,75
35201339,370,115
35201662,517,30
35201350,732,55
35201349,494,45
35201348,539,50
35201334,984,285
35201333,373,110
35201332,796,175
35201338,506,170
35201337,587,200
35201212,497,45
35201331,440,145
35200738,451,30
35200575,562,30
35201803,343,20
35202089,553,125
35202088,747,180
35200574,438,40
35201802,433,10
35200573,528,15
35203843,477,65
35200707,394,30
35203201,511,85
35202386,1221,130
35202384,608,15
35202385,660,15
35202383,624,15
35201508,740,20
35201509,568,10
35201506,671,15
35201507,808,50
35201504,487,15
35201505,544,30
35201502,626,40
35201503,560,20
35202392,918,55
35202393,600,45
35202390,397,10
35202391,569,30
35202388,1155,60
35202389,753,55
35202387,570,40
35203202,404,80
35202176,390,25
35202174,296,30
35202175,379,15
35202172,836,145
35202173,816,105
35202170,455,95
35202171,336,60
35202168,436,90
35202169,492,110
35202167,463,40
35201317,442,60
35202108,1314,95
35202109,991,95
35202115,510,55
35203199,892,140
35203198,336,60
35203200,770,100
35200801,1873,510
35202166,466,55
35202164,638,85
35202165,929,110
35202162,694,140
35202163,638,95
35202119,932,170
35202120,990,95
35202114,446,50
35202118,532,50
35202112,637,75
35202113,585,45
35202110,791,80
35202111,538,35
35203197,487,50
35201997,508,40
35201993,789,105
35201996,463,20
35202106,571,55
35202107,339,35
35202104,525,110
35202105,398,30
35202102,611,80
35202103,528,130
35202377,543,30
35202101,385,40
35202375,516,40
35202376,712,20
35202373,663,135
35202374,651,55
35202371,689,20
35202372,490,25
35201999,805,170
35202370,546,10
35201998,504,40
35203196,298,40
35201856,1267,480
35201857,1119,250
35201854,1799,575
35201855,374,30
35201851,1144,215
35201852,339,50
35201853,716,360
35203195,646,290
35201992,376,55
35200798,439,100
35202031,846,185
35201376,715,95
35202030,923,140
35202049,441,55
35201790,373,30
35202005,386,35
35202048,370,35
35202004,815,100
35202007,553,60
35203194,599,85
35202121,568,70
35201859,542,45
35201818,493,45
35201816,444,20
35201817,444,20
35201806,528,15
35201807,625,50
35201804,446,15
35201805,664,5
35201791,704,125
35201849,738,150
35201850,453,50
35201847,421,30
35201848,387,35
35202047,302,40
35201846,648,50
35202045,433,105
35202046,1000,190
35202040,632,135
35202042,1142,445
35202036,1100,595
35202037,339,65
35201356,372,35
35201355,466,90
35202029,1101,170
35202006,357,65
35202028,269,15
35200604,581,50
35202027,375,35
35200603,685,80
35201661,671,30
35201353,419,35
35201601,709,95
35201656,422,45
35201600,537,70
35201354,433,40
35201858,517,70
35201670,494,145
35201672,534,105
35201667,861,90
35201665,659,40
35201666,490,15
35201663,3539,405
35201664,1713,115
35201659,525,20
35201660,493,30
35201657,471,45
35201658,482,15
35203816,447,25
35203223,222,
35200661,711,360
35200520,555,65
35200664,731,45
35200663,289,20
35200662,778,85
35201437,528,210
35201061,531,90
35201062,299,40
35200610,320,15
35200739,601,90
35201282,559,60
35200606,420,55
35201587,498,30
35202002,617,80
35202003,1125,255
35202001,1420,385
35201516,658,30
35202000,550,40
35200605,700,55
35201515,611,15
35201512,603,35
35201514,723,50
35201510,536,15
35201511,603,25
35201513,610,25
35200802,655,310
35201328,301,110
35201329,361,100
35201326,672,120
35201327,623,185
35201654,470,10
35203204,349,35
35201358,677,50
35201357,958,145
35201324,377,30
35201325,409,25
35200804,5,
35200803,546,285
35201204,466,40
35201188,629,60
35201187,330,30
35201185,535,60
35201186,646,70
35201181,439,40
35201182,684,60
35201322,594,65
35201323,443,40
35201320,698,85
35201321,533,40
35201318,513,25
35201319,543,85
35201209,258,55
35201210,289,30
35201200,607,75
35201206,618,85
35201197,315,25
35201198,977,85
35201195,404,40
35201196,912,120
35201193,477,60
35201194,347,35
35201191,325,45
35201192,404,40
35203203,333,30
35201199,546,80
35204310,2520,760
35202576,565,60
35204311,1545,505
35201554,548,85
35201055,912,125
35201205,643,135
35201054,665,185
35201053,474,150
35201052,546,100
35200571,576,70
35202380,476,35
35202379,376,40
35200569,600,90
35201433,666,130
35200570,473,35
35201419,500,45
35203170,521,105
35202790,1122,155
35204312,1359,445
35203193,411,75
35202116,498,40
35204590,873,350
35204618,1338,460
35201019,468,65
35200572,575,40
35200736,370,30
35200735,440,45
35201408,513,60
35202035,621,105
35202236,479,130
35200737,406,40
35203227,498,120
35201959,692,115
35202338,393,40
35202339,481,115
35203191,280,40
35202657,537,155
35201051,667,185
35201050,316,35
35202273,765,85
35202272,625,30
35202271,415,35
35201203,772,90
35201202,433,65
35202378,773,55
35201201,486,60
35201553,563,105
35202951,417,40
35203192,530,75
35202789,498,60
